participant,PROLIFIC,startdate,submitdate,att,condition,form,Kc,KcJust,IntChair,KNominal
1,664aa55ce849bcd782008c64,2025-05-07T22:09:08Z,2025-05-07T22:10:33Z,A5,Harm,AG,3,AGB,Yes,Agree
2,680d8b072f273065b2723fda,2025-05-07T22:09:35Z,2025-05-07T22:17:11Z,A5,Harm,AG,-3,-oth-,Yes,Disagree
3,65962d768923ce48b037bd8a,2025-05-07T22:10:54Z,2025-05-07T22:16:44Z,A5,Harm,AG,3,AGB,Yes,Agree
4,67dfb5799ff05c298d95ee55,2025-05-07T22:11:00Z,2025-05-07T22:13:09Z,A5,Harm,AG,3,AGA,Yes,Agree
5,6009c8b032ba910988731c72,2025-05-07T22:11:23Z,2025-05-07T22:13:05Z,A5,Harm,AG,3,AGA,Yes,Agree
6,591c76c53ae7870001cb0c60,2025-05-07T22:13:16Z,2025-05-07T22:15:18Z,A5,Harm,AG,3,AGA,Yes,Agree
7,566feba6b937e400052d33b2,2025-05-07T22:14:39Z,2025-05-07T22:17:19Z,A5,Harm,AG,3,AGA,Yes,Agree
8,662408018ad9187d4b3061fb,2025-05-07T22:15:47Z,2025-05-07T22:17:46Z,A5,Harm,AG,3,AGB,Yes,Agree
9,60fadf64707bc7dcf61f9e54,2025-05-07T22:16:50Z,2025-05-07T22:18:09Z,A5,Harm,AG,3,AGA,Yes,Agree
10,67ea1b486fa9c8eb97c1c4ea,2025-05-07T22:17:45Z,2025-05-07T22:20:07Z,A5,Harm,AG,-2,-oth-,Yes,Disagree
11,67ee88751069d7f2352f11b2,2025-05-07T22:24:56Z,2025-05-07T22:27:29Z,A5,Harm,AG,3,AGA,Yes,Agree
12,6718343c82dda1264ded40d6,2025-05-07T22:26:14Z,2025-05-07T22:29:24Z,A5,Harm,AG,3,AGA,Yes,Agree
13,67e7e2535e2bf374651ee45d,2025-05-07T22:27:58Z,2025-05-07T22:29:47Z,A5,Harm,AG,2,AGA,Yes,Agree
14,6575c7da000442e5a54f5e24,2025-05-07T22:28:00Z,2025-05-07T22:31:09Z,A5,Harm,AG,3,AGR,No,Agree
15,670e735764f379104d34dac2,2025-05-07T22:28:02Z,2025-05-07T22:32:48Z,A5,Harm,AG,2,AGR,No,Agree
16,67f30f964964cf3f7cb3d4ad,2025-05-07T22:28:08Z,2025-05-07T22:30:41Z,A5,Harm,AG,3,AGR,No,Agree
17,5b1966a168a5ed0001735813,2025-05-07T22:29:15Z,2025-05-07T22:31:36Z,A5,Harm,AG,3,AGB,Yes,Agree
18,67878e264046b71df4ad64af,2025-05-07T22:29:32Z,2025-05-07T22:32:20Z,A5,Harm,AG,3,AGA,Yes,Agree
19,6760181f0962fe723f45050d,2025-05-07T22:32:36Z,2025-05-07T22:37:46Z,A5,Harm,AG,2,AGR,Yes,Agree
20,66855c23cb44f1ee38f216fb,2025-05-07T22:39:06Z,2025-05-07T22:44:06Z,A5,Harm,AG,2,AGA,Yes,Agree
21,66fd8c344684de2f546c4ac7,2025-05-07T22:39:09Z,2025-05-07T22:43:05Z,A5,Harm,AG,3,AGA,Yes,Agree
22,5e80b109ca1800791e1ca40c,2025-05-07T22:39:15Z,2025-05-07T22:41:13Z,A5,Harm,AG,2,AGA,Yes,Agree
23,5c663cd56fdc87000162e255,2025-05-07T22:39:56Z,2025-05-07T22:42:53Z,A5,Harm,AG,3,AGB,Yes,Agree
24,667b24c6c25f7a12d08d9ab6,2025-05-07T22:43:29Z,2025-05-07T22:45:47Z,A5,Harm,AG,3,AGB,Yes,Agree
25,67dff7baa47b22e23bc1a411,2025-05-07T22:43:42Z,2025-05-07T22:46:36Z,A5,Harm,AG,3,AGA,Yes,Agree
26,581e0aee4182b600017307ea,2025-05-07T22:45:09Z,2025-05-07T22:48:12Z,A5,Harm,AG,3,AGR,Yes,Agree
27,5d2476c58352f000153bbcd6,2025-05-07T22:45:12Z,2025-05-07T22:48:42Z,A5,Harm,AG,3,AGA,Yes,Agree
28,613e157ccd6af6049001ce25,2025-05-07T22:45:50Z,2025-05-07T22:51:07Z,A5,Harm,AG,3,AGB,Yes,Agree
29,67d187f13384c3052612cca3,2025-05-07T22:45:51Z,2025-05-07T22:49:11Z,A5,Harm,AG,3,AGA,Yes,Agree
30,67e6eddcf224e6f2c2da7497,2025-05-07T22:46:42Z,2025-05-07T22:48:52Z,A5,Harm,AG,3,AGB,Yes,Agree
31,612cd21ab53f52338b7b4f19,2025-05-07T22:49:40Z,2025-05-07T22:51:15Z,A5,Harm,AG,2,AGA,Yes,Agree
32,6644b547f9a676efee452494,2025-05-07T22:56:14Z,2025-05-07T22:57:59Z,A5,Harm,AG,3,AGA,Yes,Agree
33,67f538f6f6dca9d591fa8a34,2025-05-07T22:57:02Z,2025-05-07T23:03:01Z,A5,Harm,AG,3,AGR,No,Agree
34,66eb1a41306925cf993d6490,2025-05-07T22:57:20Z,2025-05-07T22:58:53Z,A5,Harm,AG,3,AGA,Yes,Agree
35,675fbd3a66d04069a7d39f33,2025-05-07T22:57:21Z,2025-05-07T22:59:36Z,A5,Harm,AG,3,AGA,Yes,Agree
36,678da017eecfeb40cd30b706,2025-05-07T22:58:08Z,2025-05-07T23:00:03Z,A5,Harm,AG,3,AGA,Yes,Agree
37,63fa812428f289c772131458,2025-05-07T22:58:49Z,2025-05-07T23:00:43Z,A5,Harm,AG,3,-oth-,Yes,Agree
38,666b27991bb7b1ccff2286e3,2025-05-07T22:59:11Z,2025-05-07T23:01:11Z,A5,Harm,AG,3,AGA,Yes,Agree
39,67c44dd612fd47cf995211d8,2025-05-07T23:00:27Z,2025-05-07T23:02:33Z,A5,Harm,AG,1,AGA,Yes,Agree
40,67f128cbba790167d00275fc,2025-05-07T23:07:02Z,2025-05-07T23:14:06Z,A5,Harm,AG,3,AGR,Yes,Agree
41,62fe6312269d0e4ae894297b,2025-05-07T23:08:10Z,2025-05-07T23:09:22Z,A5,Harm,AG,3,AGA,No,Agree
42,677b8e386966144d94556597,2025-05-07T23:08:21Z,2025-05-07T23:10:32Z,A5,Harm,AG,3,AGA,Yes,Agree
43,5ebe14249a676b1650b48531,2025-05-07T23:09:18Z,2025-05-07T23:11:15Z,A1,Harm,AG,1,AGA,No,Agree
44,5c5f2e98c3b3a30001fbf085,2025-05-07T23:09:18Z,2025-05-07T23:11:53Z,A5,Harm,AG,3,AGA,Yes,Agree
45,5c583b9174c0310001d00347,2025-05-07T23:09:27Z,2025-05-07T23:10:48Z,A5,Harm,AG,3,AGB,Yes,Agree
46,6439db560a5e06fd3451c47c,2025-05-07T23:10:09Z,2025-05-07T23:11:22Z,A5,Harm,AG,3,AGA,Yes,Agree
47,6660ab8eeaa4f5e8a6a4d223,2025-05-07T23:10:20Z,2025-05-07T23:12:18Z,A5,Harm,AG,3,AGR,Yes,Agree
48,674780197d2f877d208e64bf,2025-05-07T23:10:46Z,2025-05-07T23:13:06Z,A5,Harm,AG,3,AGA,Yes,Agree
49,559c3e07fdf99b32b55f2d8d,2025-05-07T23:10:57Z,2025-05-07T23:12:30Z,A5,Harm,AG,2,AGA,No,Agree
50,656e869db80bfe735d12412f,2025-05-13T16:50:32Z,2025-05-13T16:52:48Z,A5,Harm,AG,3,AGA,Yes,Agree
51,67e581649015152b23684ecb,2025-05-13T16:50:41Z,2025-05-13T16:53:40Z,A5,Harm,AG,3,AGA,Yes,Agree
52,616cf9ae07c1c6bd05d95beb,2025-05-13T16:50:46Z,2025-05-13T16:53:21Z,A5,Harm,AG,3,AGA,Yes,Agree
53,67c0b00f366cea0441141661,2025-05-13T16:51:37Z,2025-05-13T16:53:17Z,A5,Harm,AG,3,AGA,Yes,Agree
54,58c1c33427e23a0001b4ea0b,2025-05-13T16:52:39Z,2025-05-13T16:54:56Z,A5,Harm,AG,3,AGR,Yes,Agree
55,674a3732647cd3f356c19795,2025-05-13T16:52:47Z,2025-05-13T16:55:48Z,A5,Harm,AG,3,AGB,Yes,Agree
56,6161c4cc2d4f503e8265038e,2025-05-13T16:54:59Z,2025-05-13T16:56:19Z,A5,Harm,AG,3,AGB,Yes,Agree
57,63b9d3abc3ddc61c8c08fd84,2025-05-13T16:55:27Z,2025-05-13T16:59:22Z,A5,Harm,AG,3,AGB,Yes,Agree
58,66ec8f7ce843d25227820f97,2025-05-13T16:55:52Z,2025-05-13T16:59:20Z,A5,Harm,AG,3,AGB,Yes,Agree
59,67508fdb923229a00abf2aa7,2025-05-13T16:58:11Z,2025-05-13T17:00:12Z,A5,Harm,AG,3,AGB,Yes,Agree
60,677038fbdc17021dfb5fc6b9,2025-05-13T16:58:16Z,2025-05-13T17:00:04Z,A5,Harm,AG,0,-oth-,No,Hesitate
61,66cfab152c56aa0472529001,2025-05-13T16:58:33Z,2025-05-13T17:04:22Z,A5,Harm,AG,3,AGB,Yes,Agree
62,67fe46132bd2d418a0d3f1ab,2025-05-13T16:58:38Z,2025-05-13T16:59:59Z,A5,Harm,AG,3,AGB,Yes,Agree
63,675a35800dc96d8b29feb198,2025-05-13T16:59:00Z,2025-05-13T17:01:32Z,A5,Harm,AG,3,AGA,Yes,Agree
64,672bee76481ff9ce73293a6b,2025-05-13T17:09:08Z,2025-05-13T17:10:57Z,A5,Harm,AG,3,AGB,Yes,Agree
65,5f8ea1044999a9000ae5a0e9,2025-05-13T17:13:29Z,2025-05-13T17:14:49Z,A5,Harm,AG,3,AGR,Yes,Agree
66,65ff67c31641a4be4c903b68,2025-05-13T17:13:41Z,2025-05-13T17:15:48Z,A5,Harm,AG,3,-oth-,Yes,Agree
67,66cc906a1d6bea34dd2e57b0,2025-05-13T17:14:01Z,2025-05-13T17:15:54Z,A5,Harm,AG,3,AGB,Yes,Agree
68,67d0a570883ec7f0c342eaff,2025-05-13T17:14:10Z,2025-05-13T17:26:14Z,A5,Harm,AG,3,AGA,Yes,Agree
69,639f64e943f91a180d9caef0,2025-05-13T17:14:18Z,2025-05-13T17:16:04Z,A5,Harm,AG,3,AGA,Yes,Agree
70,5b8733a8dd068d0001be4a5f,2025-05-13T17:15:07Z,2025-05-13T17:17:20Z,A5,Harm,AG,3,AGB,Yes,Agree
71,5d3c480f2dc7f70001f00c87,2025-05-13T17:15:29Z,2025-05-13T17:17:50Z,A5,Harm,AG,3,AGA,Yes,Agree
72,66fd4b51cb041accd82a7740,2025-05-13T17:15:40Z,2025-05-13T17:17:06Z,A5,Harm,AG,3,AGA,Yes,Agree
73,63d80b500adef5b476e289a4,2025-05-13T17:16:16Z,2025-05-13T17:21:11Z,A5,Harm,AG,3,AGA,Yes,Agree
74,628f83dc5398c04bac86f9e6,2025-05-13T17:16:24Z,2025-05-13T17:18:58Z,A5,Harm,AG,2,AGA,No,Agree
75,5e35e8505aa70059ea6edbcf,2025-05-13T17:17:18Z,2025-05-13T17:25:41Z,A5,Harm,AG,3,AGA,Yes,Agree
76,668bf688d58206e61f399a88,2025-05-13T17:21:25Z,2025-05-13T17:23:04Z,A5,Harm,AG,3,AGA,Yes,Agree
77,67d468741ef9f4c14f6bb02c,2025-05-13T17:25:17Z,2025-05-13T17:29:18Z,A5,Harm,AG,3,AGB,Yes,Agree
78,5d012930cfeb82001817c9c9,2025-05-13T17:25:39Z,2025-05-13T17:27:45Z,A5,Harm,AG,2,AGA,Yes,Agree
79,56a8059fc897370006237090,2025-05-13T17:26:38Z,2025-05-13T17:28:29Z,A5,Harm,AG,2,AGA,Yes,Agree
80,6811ffcdbe04a28e7b3ab8a9,2025-05-13T17:32:11Z,2025-05-13T17:34:32Z,A5,Harm,AG,3,AGA,Yes,Agree
81,663f6499a07afa04b277d7e2,2025-05-13T17:32:21Z,2025-05-13T17:34:52Z,A5,Harm,AG,3,AGA,Yes,Agree
82,6039627d1f94c1410e17dacb,2025-05-13T17:32:48Z,2025-05-13T17:34:33Z,A5,Harm,AG,3,AGB,Yes,Agree
83,66717200063fc2eb3987270a,2025-05-13T17:33:15Z,2025-05-13T17:34:49Z,A5,Harm,AG,3,AGA,Yes,Agree
84,664aa32c6cf60f70afed78ea,2025-05-13T17:34:14Z,2025-05-13T17:36:06Z,A5,Harm,AG,3,AGB,Yes,Agree
85,655e0a82d5d2084400745459,2025-05-13T17:34:18Z,2025-05-13T17:36:09Z,A5,Harm,AG,2,AGA,Yes,Agree
86,5d301a7c9f79cb001cdcbc91,2025-05-13T17:34:24Z,2025-05-13T17:37:35Z,A5,Harm,AG,3,AGA,Yes,Agree
87,60a6be72ccb15020f04ba501,2025-05-13T17:35:49Z,2025-05-13T17:37:04Z,A5,Harm,AG,3,AGB,Yes,Agree
88,66be3a527e6d4c95961bc002,2025-05-13T17:36:10Z,2025-05-13T17:38:13Z,A5,Harm,AG,3,AGA,Yes,Agree
89,67eb2f7bde953c130a671bd0,2025-05-13T17:36:28Z,2025-05-13T17:38:49Z,A5,Harm,AG,3,AGA,Yes,Agree
90,5800eb53beccf8000100cb06,2025-05-13T17:37:14Z,2025-05-13T17:38:24Z,A5,Harm,AG,3,AGA,Yes,Agree
91,67e70f3e9e01a63efa5fab92,2025-05-13T17:45:35Z,2025-05-13T18:00:00Z,A5,Harm,AG,3,-oth-,Yes,Agree
92,6727ea3905ae5d0d2cb5180c,2025-05-13T17:46:13Z,2025-05-13T17:47:51Z,A5,Harm,AG,2,AGA,No,Agree
93,6667627ba6d0d6f7b08686ab,2025-05-13T17:46:20Z,2025-05-13T17:48:29Z,A5,Harm,AG,3,AGA,Yes,Agree
94,67dc9200cb9acfb732250006,2025-05-13T17:47:13Z,2025-05-13T17:49:54Z,A5,Harm,AG,2,AGA,Yes,Agree
95,668ac8ccac0dc505afbafed8,2025-05-13T17:47:20Z,2025-05-13T17:48:38Z,A5,Harm,AG,1,AGR,No,Agree
96,65a3eab844b50c6810ea62f3,2025-05-13T17:47:40Z,2025-05-13T17:53:42Z,A5,Harm,AG,2,AGR,No,Agree
97,64d5067b6cbee9de481d773b,2025-05-13T17:48:50Z,2025-05-13T17:51:48Z,A5,Harm,AG,3,AGA,Yes,Agree
98,67d8b5e7ceb82869824198a2,2025-05-13T17:49:01Z,2025-05-13T17:51:07Z,A1,Harm,AG,3,AGB,Yes,Agree
99,610fb8ff377a37c16a4edf38,2025-05-13T17:49:26Z,2025-05-13T17:51:52Z,A5,Harm,AG,3,AGA,Yes,Agree
100,6720f4ced2a11d4e702566fa,2025-05-13T17:49:52Z,2025-05-13T17:51:37Z,A5,Harm,AG,3,AGA,Yes,Agree
101,67eec102d37d56b29145e034,2025-05-13T17:50:06Z,2025-05-13T17:55:14Z,A5,Harm,AG,3,AGA,Yes,Agree
102,66fd75a114eba53c2f24a190,2025-05-13T17:51:49Z,2025-05-13T17:55:11Z,A5,Harm,AG,3,-oth-,Yes,Agree
103,5c56964991c0ad0001cfa5ae,2025-05-07T22:10:15Z,2025-05-07T22:12:00Z,A5,Harm,CA,3,AGA,Yes,Agree
104,67cf58e37c80d731a206b836,2025-05-07T22:12:03Z,2025-05-07T22:17:08Z,A5,Harm,CA,-3,AGB,No,Disagree
105,66d9cd06e207a93377f7820e,2025-05-07T22:13:18Z,2025-05-07T22:18:48Z,A5,Harm,CA,3,AGB,Yes,Agree
106,656ea0d1171b158205065fbb,2025-05-07T22:13:49Z,2025-05-07T22:15:59Z,A5,Harm,CA,3,AGB,Yes,Agree
107,67dc569f7046b00f04ed4820,2025-05-07T22:16:28Z,2025-05-07T22:18:49Z,A5,Harm,CA,3,AGA,Yes,Agree
108,608bfa04767191aa4d57bfd8,2025-05-07T22:17:11Z,2025-05-07T22:22:03Z,A5,Harm,CA,3,AGA,Yes,Agree
109,67dc95e124b76ffa3078fc9f,2025-05-07T22:18:55Z,2025-05-07T22:21:48Z,A1,Harm,CA,3,AGA,Yes,Agree
110,67e18df3adc77c0702ba396b,2025-05-07T22:19:45Z,2025-05-07T22:22:10Z,A5,Harm,CA,3,AGA,Yes,Agree
111,66bc59b005ccfffd6775fe9f,2025-05-07T22:20:13Z,2025-05-07T22:23:22Z,A5,Harm,CA,3,AGA,Yes,Agree
112,676ca3da9773676ad989ef10,2025-05-07T22:20:50Z,2025-05-07T22:22:51Z,A5,Harm,CA,3,AGA,Yes,Agree
113,5d612ae16512d700159face7,2025-05-07T22:21:03Z,2025-05-07T22:25:16Z,A5,Harm,CA,3,AGA,Yes,Agree
114,67d5dddf8d7ba521684d753d,2025-05-07T22:22:12Z,2025-05-07T22:26:10Z,A5,Harm,CA,3,AGB,Yes,Agree
115,62db2644ab0a3a353c0dcb54,2025-05-07T22:22:34Z,2025-05-07T22:25:07Z,A5,Harm,CA,3,AGA,No,Agree
116,60c8467d9872c0d83f695499,2025-05-07T22:28:24Z,2025-05-07T22:35:35Z,A5,Harm,CA,3,AGA,Yes,Agree
117,5c979fed3926fd0019b6c87b,2025-05-07T22:33:33Z,2025-05-07T22:35:45Z,A5,Harm,CA,3,AGA,Yes,Agree
118,5beb92fbe0a3940001543d8c,2025-05-07T22:34:09Z,2025-05-07T22:38:35Z,A5,Harm,CA,3,AGA,Yes,Agree
119,5e39d872793a082024d9cf18,2025-05-07T22:34:17Z,2025-05-07T22:36:56Z,A5,Harm,CA,3,AGA,Yes,Agree
120,67d0ad7411b221b26a2c54d7,2025-05-07T22:34:25Z,2025-05-07T22:37:15Z,A5,Harm,CA,3,AGA,Yes,Agree
121,58509fbda6946500016117ed,2025-05-07T22:34:57Z,2025-05-07T22:36:20Z,A5,Harm,CA,3,AGB,Yes,Agree
122,66f312ca7af69346a9a55f1b,2025-05-07T22:35:03Z,2025-05-07T22:37:07Z,A5,Harm,CA,3,AGA,Yes,Agree
123,56a8930d7f2472000c93764e,2025-05-07T22:35:59Z,2025-05-07T22:37:22Z,A5,Harm,CA,3,AGB,Yes,Agree
124,67e8f1803a32374b3ad5bde6,2025-05-07T22:36:20Z,2025-05-07T22:39:06Z,A5,Harm,CA,3,AGA,Yes,Agree
125,58954e2dc88c680001dd4b7e,2025-05-07T22:36:20Z,2025-05-07T22:38:08Z,A5,Harm,CA,3,AGA,Yes,Agree
126,669a4f388b2de8df723faf1e,2025-05-07T22:36:43Z,2025-05-07T22:38:38Z,A5,Harm,CA,3,AGA,Yes,Agree
127,67e977ee281a53f16a11f194,2025-05-07T22:43:03Z,2025-05-07T22:49:13Z,A5,Harm,CA,3,AGA,Yes,Agree
128,63d82b2de40f94ceb14816cc,2025-05-07T22:44:59Z,2025-05-07T22:47:19Z,A5,Harm,CA,3,AGB,Yes,Agree
129,67e6619a3bf0679ee4175214,2025-05-07T22:45:10Z,2025-05-07T22:48:02Z,A5,Harm,CA,-2,AGR,Yes,Disagree
130,67e4095cfeaa6ff8430d7ff1,2025-05-07T22:45:30Z,2025-05-07T22:48:45Z,A5,Harm,CA,3,AGA,Yes,Agree
131,66d09e2f390b758fbe0f21b5,2025-05-07T22:47:06Z,2025-05-07T22:48:23Z,A5,Harm,CA,3,AGR,Yes,Agree
132,59b15324e79873000148879d,2025-05-07T22:52:45Z,2025-05-07T22:54:45Z,A5,Harm,CA,3,AGA,Yes,Agree
133,67eb1a1382c9154f6b62d3f3,2025-05-07T22:53:23Z,2025-05-07T22:55:49Z,A5,Harm,CA,0,AGA,Yes,Hesitate
134,661149a91b7fad3a3d2caf0c,2025-05-07T22:53:42Z,2025-05-07T22:55:59Z,A5,Harm,CA,3,AGR,Yes,Agree
135,6772be1363ec1102cc8bc48d,2025-05-07T22:55:11Z,2025-05-07T22:57:15Z,A5,Harm,CA,3,AGA,Yes,Agree
136,67d884f13098d19e754e36e5,2025-05-07T23:00:06Z,2025-05-07T23:03:28Z,A5,Harm,CA,3,AGA,Yes,Agree
137,5f1dfd940aeb060d8eb3cf55,2025-05-07T23:01:54Z,2025-05-07T23:02:47Z,A5,Harm,CA,3,AGA,Yes,Agree
138,67ca97d8aacc1c5e88237e13,2025-05-07T23:03:02Z,2025-05-07T23:07:43Z,A3,Harm,CA,3,AGA,Yes,Agree
139,67e6a14955e0c06b415f9049,2025-05-07T23:03:06Z,2025-05-07T23:06:30Z,A5,Harm,CA,3,AGA,Yes,Agree
140,5bb58e338f3bd70001e5df57,2025-05-07T23:03:36Z,2025-05-07T23:04:52Z,A5,Harm,CA,3,AGB,Yes,Agree
141,664184a2b35e6aa7e4eb89fd,2025-05-07T23:03:42Z,2025-05-07T23:05:32Z,A5,Harm,CA,3,AGA,Yes,Agree
142,6705565ffd67124adcd513ec,2025-05-07T23:04:19Z,2025-05-07T23:06:31Z,A5,Harm,CA,2,AGA,Yes,Agree
143,662973533159df515afdd606,2025-05-07T23:04:26Z,2025-05-07T23:06:16Z,A5,Harm,CA,3,AGA,Yes,Agree
144,5e96185ae3d45508abe19a36,2025-05-07T23:04:59Z,2025-05-07T23:07:42Z,A5,Harm,CA,3,AGA,Yes,Agree
145,67f19167f42d4047c25209b0,2025-05-07T23:05:22Z,2025-05-07T23:10:48Z,A5,Harm,CA,3,AGA,Yes,Agree
146,56b53292a9d33a000c8981a6,2025-05-07T23:06:08Z,2025-05-07T23:07:40Z,A5,Harm,CA,3,AGB,Yes,Agree
147,5bc50c8c4b33560001091793,2025-05-07T23:12:29Z,2025-05-07T23:16:06Z,A5,Harm,CA,2,AGB,Yes,Agree
148,67939c2471d26fee093f8020,2025-05-07T23:13:55Z,2025-05-07T23:16:11Z,A5,Harm,CA,3,AGA,Yes,Agree
149,678e459ede7a31176f9d890d,2025-05-07T23:16:47Z,2025-05-07T23:21:55Z,A5,Harm,CA,3,AGA,Yes,Agree
150,672ccd77bc2278204fd460d7,2025-05-07T23:17:53Z,2025-05-07T23:23:02Z,A5,Harm,CA,3,AGA,Yes,Agree
151,5bf6fc936c445d0001aeba98,2025-05-07T23:18:05Z,2025-05-07T23:20:52Z,A5,Harm,CA,3,AGA,Yes,Agree
152,67d3047928d1b4f6d6f90ca2,2025-05-07T23:19:45Z,2025-05-07T23:22:19Z,A5,Harm,CA,3,AGB,Yes,Agree
153,60fd916a8eeec33d5cec4399,2025-05-13T16:50:33Z,2025-05-13T16:51:51Z,A5,Harm,CA,3,AGA,Yes,Agree
154,5a9c4b3d35237b000112a00e,2025-05-13T16:52:08Z,2025-05-13T16:53:41Z,A5,Harm,CA,3,AGR,Yes,Agree
155,6735d9db2c9d20313e06db0a,2025-05-13T16:52:51Z,2025-05-13T16:58:56Z,A5,Harm,CA,3,AGB,Yes,Agree
156,66562875b665d8e2b1b6fc66,2025-05-13T16:54:24Z,2025-05-13T16:55:54Z,A5,Harm,CA,3,AGA,No,Agree
157,6658b1babc17230af657c303,2025-05-13T16:54:34Z,2025-05-13T16:56:40Z,A5,Harm,CA,3,AGA,Yes,Agree
158,67e832f311c66d4bdaced17a,2025-05-13T16:56:00Z,2025-05-13T16:57:58Z,A5,Harm,CA,3,AGA,No,Agree
159,6401f203db9efef5b64cd588,2025-05-13T16:56:08Z,2025-05-13T16:58:06Z,A5,Harm,CA,3,AGA,Yes,Agree
160,6761c0d40b7d69c06f993f3b,2025-05-13T16:57:23Z,2025-05-13T17:04:51Z,A5,Harm,CA,3,AGA,Yes,Agree
161,65fc9f54bf0a6174674f0851,2025-05-13T17:00:21Z,2025-05-13T17:01:56Z,A5,Harm,CA,3,AGA,Yes,Agree
162,66927ac65524897b604bc734,2025-05-13T17:00:31Z,2025-05-13T17:02:13Z,A5,Harm,CA,3,AGR,Yes,Agree
163,614dd304ed948bbfe8c22215,2025-05-13T17:00:35Z,2025-05-13T17:01:45Z,A5,Harm,CA,3,AGA,Yes,Agree
164,5dd3699ee73e6136c640f1cf,2025-05-13T17:01:28Z,2025-05-13T17:04:47Z,A5,Harm,CA,3,AGA,Yes,Agree
165,67c721a18a956b411b7d0e67,2025-05-13T17:01:31Z,2025-05-13T17:08:50Z,A5,Harm,CA,2,AGB,Yes,Agree
166,660dd503e5fe51271b447a4c,2025-05-13T17:02:08Z,2025-05-13T17:03:16Z,A5,Harm,CA,3,AGA,Yes,Agree
167,6525684f0a285b2386b10497,2025-05-13T17:02:21Z,2025-05-13T17:04:06Z,A5,Harm,CA,3,AGR,Yes,Agree
168,66e5cf7a11cb28aa31d19da8,2025-05-13T17:07:24Z,2025-05-13T17:15:29Z,A5,Harm,CA,3,AGA,Yes,Agree
169,67eae4ce34403db149dc2dd4,2025-05-13T17:11:42Z,2025-05-13T17:14:05Z,A5,Harm,CA,2,AGA,Yes,Agree
170,67e9b3419630eff8aaf9a925,2025-05-13T17:12:49Z,2025-05-13T17:15:57Z,A5,Harm,CA,3,AGA,Yes,Agree
171,5f1833a16e55c522eeaf4dbe,2025-05-13T17:13:15Z,2025-05-13T17:14:59Z,A5,Harm,CA,1,AGA,Yes,Agree
172,661960d7b8bdf0bd8042c648,2025-05-13T17:13:27Z,2025-05-13T17:15:22Z,A5,Harm,CA,3,AGA,Yes,Agree
173,5d8aa167b7feb8001af39ccc,2025-05-13T17:13:30Z,2025-05-13T17:14:56Z,A5,Harm,CA,3,AGA,Yes,Agree
174,67558a78aa571bda11e0a217,2025-05-13T17:14:50Z,2025-05-13T17:20:40Z,A5,Harm,CA,0,AGR,Yes,Hesitate
175,5f6056e9a41e0d14d4c19f4c,2025-05-13T17:19:15Z,2025-05-13T17:22:11Z,A5,Harm,CA,3,AGA,Yes,Agree
176,674a317122c5f8223e47d5f5,2025-05-13T17:19:23Z,2025-05-13T17:20:52Z,A5,Harm,CA,3,AGA,No,Agree
177,5f59275d9a49e2140887ec41,2025-05-13T17:19:58Z,2025-05-13T17:22:06Z,A5,Harm,CA,3,AGR,Yes,Agree
178,67c719f77b0b26bb76790bb4,2025-05-13T17:21:45Z,2025-05-13T17:24:50Z,A5,Harm,CA,2,AGR,Yes,Agree
179,5d20b0157e17470001e1c635,2025-05-13T17:22:03Z,2025-05-13T17:23:47Z,A4,Harm,CA,3,AGA,No,Agree
180,666e0063d5d987b48025fccb,2025-05-13T17:29:33Z,2025-05-13T17:33:25Z,A5,Harm,CA,3,AGR,Yes,Agree
181,67f1aa262e5e1c69ddbd8295,2025-05-13T17:29:36Z,2025-05-13T17:35:30Z,A5,Harm,CA,3,AGA,Yes,Agree
182,5a4b58ed56ec1100014a3ee4,2025-05-13T17:29:40Z,2025-05-13T17:31:01Z,A5,Harm,CA,3,AGB,Yes,Agree
183,5c636bc3302b1e0001e69dce,2025-05-13T17:30:30Z,2025-05-13T17:34:52Z,A5,Harm,CA,3,-oth-,Yes,Agree
184,677ac5abfeff92f43b1755ba,2025-05-13T17:31:21Z,2025-05-13T17:32:12Z,A5,Harm,CA,3,AGR,Yes,Agree
185,67e95b4ce056cb97ac8a5c21,2025-05-13T17:31:21Z,2025-05-13T17:33:32Z,A5,Harm,CA,3,AGA,Yes,Agree
186,665a096c84cc3333351bb239,2025-05-13T17:31:43Z,2025-05-13T17:33:43Z,A5,Harm,CA,3,AGA,Yes,Agree
187,66919e2f0a86d780d3c3e591,2025-05-13T17:31:55Z,2025-05-13T17:34:56Z,A5,Harm,CA,3,AGA,Yes,Agree
188,67f1f3652211291a2f130a2d,2025-05-13T17:32:11Z,2025-05-13T17:36:59Z,A5,Harm,CA,3,AGA,Yes,Agree
189,5fdfb7d6e1442280fc095a66,2025-05-13T17:32:56Z,2025-05-13T17:37:56Z,A5,Harm,CA,3,AGA,Yes,Agree
190,65bfbd86a1ec730270fe8345,2025-05-13T17:33:46Z,2025-05-13T17:35:46Z,A5,Harm,CA,3,AGA,Yes,Agree
191,6140f89d1e3eb6c838729c12,2025-05-13T17:42:47Z,2025-05-13T17:44:13Z,A5,Harm,CA,2,AGA,No,Agree
192,65e74f3dd1cf1c6869f7af37,2025-05-13T17:43:37Z,2025-05-13T17:45:31Z,A5,Harm,CA,3,AGA,Yes,Agree
193,5f08d79de54da413c09fc906,2025-05-13T17:44:02Z,2025-05-13T17:46:24Z,A5,Harm,CA,3,AGB,Yes,Agree
194,5e8644dc6d54ca0a09510c88,2025-05-13T17:44:30Z,2025-05-13T17:46:30Z,A5,Harm,CA,3,AGB,Yes,Agree
195,5d68c8aa40524c00189e8ac2,2025-05-13T17:44:44Z,2025-05-13T17:46:03Z,A5,Harm,CA,3,AGA,Yes,Agree
196,663633059d5ba66fc519115a,2025-05-13T17:47:28Z,2025-05-13T17:49:14Z,A5,Harm,CA,3,AGA,Yes,Agree
197,67bdc00c1e1046403c4b5d00,2025-05-13T17:52:06Z,2025-05-13T17:54:58Z,A5,Harm,CA,3,AGA,Yes,Agree
198,65e231b58b6f797b593b61d3,2025-05-13T17:53:58Z,2025-05-13T17:56:27Z,A5,Harm,CA,3,AGA,No,Agree
199,5d743ec4869c8f0019b35907,2025-05-13T17:54:01Z,2025-05-13T17:56:42Z,A5,Harm,CA,3,AGA,Yes,Agree
200,67629e1ef09097f49c590db7,2025-05-13T17:54:15Z,2025-05-13T17:57:31Z,A5,Harm,CA,3,AGA,Yes,Agree
201,65a5920088672d869713f267,2025-05-13T17:55:02Z,2025-05-13T17:56:36Z,A5,Harm,CA,3,AGB,Yes,Agree
202,67928408304e95d2aa3aac7c,2025-05-13T18:15:39Z,2025-05-13T18:21:06Z,A5,Harm,CA,3,AGA,Yes,Agree
203,66e88979d6bb95675bfdd165,2025-05-07T22:08:19Z,2025-05-07T22:10:58Z,A5,Harm,ST,0,AGR,No,Hesitate
204,6288557c67c5e08a1ebaf795,2025-05-07T22:09:19Z,2025-05-07T22:11:29Z,A5,Harm,ST,3,AGB,Yes,Agree
205,61005834c822c93af7ac2d2b,2025-05-07T22:11:11Z,2025-05-07T22:12:41Z,A5,Harm,ST,3,AGA,Yes,Agree
206,67aca729b4f9b52d80a3cd4c,2025-05-07T22:11:53Z,2025-05-07T22:16:46Z,A5,Harm,ST,3,AGA,Yes,Agree
207,67c9f800b7bce66c45586394,2025-05-07T22:16:02Z,2025-05-07T22:18:44Z,A5,Harm,ST,3,AGA,Yes,Agree
208,5e121701dc79bd8a1a22ca99,2025-05-07T22:17:35Z,2025-05-07T22:19:28Z,A5,Harm,ST,3,AGA,Yes,Agree
209,6769d0f4c34ce8dac8d6ef70,2025-05-07T22:18:47Z,2025-05-07T22:23:53Z,A5,Harm,ST,3,AGA,Yes,Agree
210,673276b17430c6ece3a6d874,2025-05-07T22:21:51Z,2025-05-07T22:23:33Z,A5,Harm,ST,3,AGA,Yes,Agree
211,63d141f0a7b0e7ea9526e89d,2025-05-07T22:23:04Z,2025-05-07T22:24:42Z,A5,Harm,ST,3,AGA,Yes,Agree
212,67d0b0f1363d5d02cc8f37d6,2025-05-07T22:23:30Z,2025-05-07T22:27:39Z,A5,Harm,ST,-1,AGB,Yes,Disagree
213,67e04fb6a0a0f7c68d0cb905,2025-05-07T22:23:37Z,2025-05-07T22:25:38Z,A5,Harm,ST,2,AGA,Yes,Agree
214,572f526c3c27e7000e0b8aaa,2025-05-07T22:27:32Z,2025-05-07T22:31:44Z,A5,Harm,ST,3,AGB,Yes,Agree
215,66abc79f0812c1f89a25adfb,2025-05-07T22:28:00Z,2025-05-07T22:30:25Z,A5,Harm,ST,3,AGR,Yes,Agree
216,67aa0efbb319e17ec7db42bc,2025-05-07T22:28:24Z,2025-05-07T22:30:29Z,A3,Harm,ST,3,AGA,Yes,Agree
217,67ed4d1ac9661acf11448b94,2025-05-07T22:30:03Z,2025-05-07T22:31:41Z,A5,Harm,ST,2,AGA,Yes,Agree
218,60b9af795939f976cb74232a,2025-05-07T22:30:39Z,2025-05-07T22:33:13Z,A5,Harm,ST,3,AGB,Yes,Agree
219,5d5618b69cd0f20015e1ab0d,2025-05-07T22:36:03Z,2025-05-07T22:37:18Z,A5,Harm,ST,3,AGA,Yes,Agree
220,5e5c5cd271e46043eab5fc56,2025-05-07T22:36:06Z,2025-05-07T22:37:14Z,A5,Harm,ST,3,AGA,Yes,Agree
221,65f8de2acebec4e8c2c4440c,2025-05-07T22:36:20Z,2025-05-07T22:37:46Z,A5,Harm,ST,3,AGA,Yes,Agree
222,64275e53f51a5ed4f6b7d019,2025-05-07T22:36:27Z,2025-05-07T22:38:58Z,A5,Harm,ST,3,-oth-,Yes,Agree
223,60d50ceb7c563c73f91d9ec5,2025-05-07T22:37:47Z,2025-05-07T22:39:03Z,A5,Harm,ST,3,AGA,Yes,Agree
224,67ed145e9a68cf7024b4fcfd,2025-05-07T22:39:16Z,2025-05-07T22:43:33Z,A5,Harm,ST,3,AGA,Yes,Agree
225,67f020ded233a50f479c4c87,2025-05-07T22:39:27Z,2025-05-07T22:42:56Z,A5,Harm,ST,3,AGA,Yes,Agree
226,67df08f55bf39d8387774f2a,2025-05-07T22:40:40Z,2025-05-07T22:43:16Z,A5,Harm,ST,3,AGB,Yes,Agree
227,67e6e9b7203c9f5fe50b2e8c,2025-05-07T22:41:21Z,2025-05-07T22:43:57Z,A5,Harm,ST,2,AGA,Yes,Agree
228,67d301be100010abe8c4686b,2025-05-07T22:41:59Z,2025-05-07T22:45:00Z,A5,Harm,ST,3,AGB,Yes,Agree
229,57165ba7c5aca2000a8d32ca,2025-05-07T22:42:41Z,2025-05-07T22:43:53Z,A5,Harm,ST,3,AGB,Yes,Agree
231,67910358e895b33a3578ec66,2025-05-07T22:50:18Z,2025-05-07T22:52:09Z,A5,Harm,ST,3,AGA,Yes,Agree
232,67617ff8a1f4fa350af4fbb5,2025-05-07T22:50:32Z,2025-05-07T22:52:53Z,A5,Harm,ST,3,AGA,Yes,Agree
233,60fee6ac4251e521b4546f1d,2025-05-07T22:51:16Z,2025-05-07T22:53:10Z,A5,Harm,ST,3,AGA,Yes,Agree
234,5ef877bb6b0ed15b3f6ae106,2025-05-07T22:52:37Z,2025-05-07T22:54:32Z,A5,Harm,ST,2,AGR,Yes,Agree
235,665dccea1d994deb86673695,2025-05-07T22:53:02Z,2025-05-07T22:58:37Z,A5,Harm,ST,3,AGA,Yes,Agree
236,6765eb26ba8fb2168d58295c,2025-05-07T22:53:09Z,2025-05-07T22:59:11Z,A5,Harm,ST,3,AGA,Yes,Agree
237,5e31d979f9387b1c0ce7ffd8,2025-05-07T22:58:00Z,2025-05-07T23:01:35Z,A5,Harm,ST,3,AGA,Yes,Agree
238,652ee4c19af20c91c9d88a65,2025-05-07T22:58:56Z,2025-05-07T23:01:16Z,A4,Harm,ST,3,AGA,Yes,Agree
239,60d9faa609c8dcb9e5e05481,2025-05-07T23:00:22Z,2025-05-07T23:02:32Z,A5,Harm,ST,3,AGA,Yes,Agree
240,6814b9e91fe789fd1992d050,2025-05-07T23:01:35Z,2025-05-07T23:04:45Z,A5,Harm,ST,3,AGB,Yes,Agree
241,662fb80a4da196677a2d2a16,2025-05-07T23:02:38Z,2025-05-07T23:04:50Z,A5,Harm,ST,3,AGR,Yes,Agree
242,67dd005e21e271181cde8e33,2025-05-07T23:05:01Z,2025-05-07T23:09:57Z,A5,Harm,ST,3,AGA,Yes,Agree
243,612adba08b8235b31539c704,2025-05-07T23:05:28Z,2025-05-07T23:07:45Z,A5,Harm,ST,3,AGA,Yes,Agree
244,6682c4fcefd32e38eb8197b2,2025-05-07T23:06:11Z,2025-05-07T23:07:55Z,A5,Harm,ST,3,AGA,Yes,Agree
245,67f078a4424ed89739827b18,2025-05-07T23:06:46Z,2025-05-07T23:09:38Z,A5,Harm,ST,3,AGA,Yes,Agree
246,5cddd90cab57db0001af8fec,2025-05-07T23:07:07Z,2025-05-07T23:08:45Z,A5,Harm,ST,3,AGA,Yes,Agree
247,67486ef5b88595ed8d20fe7c,2025-05-07T23:07:35Z,2025-05-07T23:09:09Z,A5,Harm,ST,3,AGA,Yes,Agree
248,5ec195df3f2aec276ff0bf33,2025-05-07T23:07:36Z,2025-05-07T23:10:12Z,A5,Harm,ST,3,AGR,Yes,Agree
249,67cdd01182952d5b5915999d,2025-05-07T23:11:49Z,2025-05-07T23:22:14Z,A5,Harm,ST,3,AGA,Yes,Agree
250,66e260c1772d67a93b460a82,2025-05-07T23:14:10Z,2025-05-07T23:16:47Z,A5,Harm,ST,3,AGA,Yes,Agree
251,67ddcc41e83b170f05784358,2025-05-07T23:15:57Z,2025-05-07T23:18:32Z,A5,Harm,ST,2,AGA,Yes,Agree
252,668abc57d229bc319ffb4bf7,2025-05-07T23:16:22Z,2025-05-07T23:18:45Z,A5,Harm,ST,3,AGR,Yes,Agree
253,67e20801187db9c5fe47a563,2025-05-13T16:50:22Z,2025-05-13T16:53:38Z,A5,Harm,ST,3,AGA,Yes,Agree
254,6765d0aaf6525ec5830bbf82,2025-05-13T16:50:24Z,2025-05-13T16:52:14Z,A5,Harm,ST,3,AGA,Yes,Agree
255,5b5504e902660200017948c3,2025-05-13T16:50:36Z,2025-05-13T16:52:01Z,A5,Harm,ST,3,AGA,Yes,Agree
256,6711942d7dd07171de8cc654,2025-05-13T16:52:03Z,2025-05-13T16:54:01Z,A5,Harm,ST,3,AGA,Yes,Agree
257,67e45fa56b0d253fde489a5c,2025-05-13T16:52:31Z,2025-05-13T16:55:08Z,A5,Harm,ST,3,AGB,Yes,Agree
258,5e0696dea7fba607951ae479,2025-05-13T16:59:18Z,2025-05-13T17:01:19Z,A5,Harm,ST,3,AGB,Yes,Agree
259,62c4d5821033848c1dc3667b,2025-05-13T16:59:33Z,2025-05-13T17:02:20Z,A5,Harm,ST,3,AGA,Yes,Agree
260,6352c60b4a9850783773f265,2025-05-13T16:59:44Z,2025-05-13T17:00:49Z,A5,Harm,ST,3,AGB,Yes,Agree
261,63222311994c6e4c35bb2a55,2025-05-13T17:00:48Z,2025-05-13T17:07:14Z,A5,Harm,ST,3,AGB,No,Agree
262,5f627a1e4b807f1aa7e35280,2025-05-13T17:02:17Z,2025-05-13T17:04:43Z,A5,Harm,ST,3,AGA,Yes,Agree
263,665762fdab6df18f5032505b,2025-05-13T17:03:05Z,2025-05-13T17:06:11Z,A5,Harm,ST,3,AGA,Yes,Agree
264,5beca802fcb5fe0001259b62,2025-05-13T17:05:19Z,2025-05-13T17:06:44Z,A5,Harm,ST,3,AGA,Yes,Agree
265,67323a74da6bebd682404f74,2025-05-13T17:05:22Z,2025-05-13T17:08:42Z,A5,Harm,ST,3,AGA,Yes,Agree
266,5f68fe5be5cc370c0a0911de,2025-05-13T17:06:23Z,2025-05-13T17:07:20Z,A5,Harm,ST,3,AGR,No,Agree
267,5c9a6fe20c7ace0001efa406,2025-05-13T17:06:36Z,2025-05-13T17:12:21Z,A5,Harm,ST,3,-oth-,Yes,Agree
268,66bf8e9849e9d38db3d8d40e,2025-05-13T17:08:19Z,2025-05-13T17:11:42Z,A5,Harm,ST,3,AGB,Yes,Agree
269,640d43c9451ce148162a7643,2025-05-13T17:10:12Z,2025-05-13T17:11:11Z,A5,Harm,ST,2,AGA,Yes,Agree
270,6753b6b7014705911770ecd0,2025-05-13T17:10:55Z,2025-05-13T17:12:47Z,A5,Harm,ST,3,AGB,Yes,Agree
271,641359b5040c453203e2c088,2025-05-13T17:11:06Z,2025-05-13T17:12:09Z,A5,Harm,ST,3,AGA,Yes,Agree
272,62e02660c3ef175825ab7655,2025-05-13T17:11:29Z,2025-05-13T17:13:10Z,A5,Harm,ST,3,AGA,Yes,Agree
273,66045d9597282a2c36b8adbd,2025-05-13T17:11:59Z,2025-05-13T17:13:51Z,A5,Harm,ST,3,AGB,Yes,Agree
274,631c8e97db06f601f81bd82f,2025-05-13T17:21:25Z,2025-05-13T17:26:10Z,A5,Harm,ST,3,AGB,Yes,Agree
275,67739b170f0b2ff8e3f0914d,2025-05-13T17:21:26Z,2025-05-13T17:25:10Z,A5,Harm,ST,1,AGR,Yes,Agree
276,65e1e16d9f7eaa10f3454025,2025-05-13T17:22:30Z,2025-05-13T17:24:06Z,A5,Harm,ST,3,AGA,Yes,Agree
277,5654166804212700054a12aa,2025-05-13T17:23:40Z,2025-05-13T17:25:27Z,A5,Harm,ST,3,AGB,Yes,Agree
278,5e2f4ab6fb987e078bf5f68e,2025-05-13T17:23:41Z,2025-05-13T17:26:19Z,A5,Harm,ST,3,AGA,Yes,Agree
279,6727814a4993a44cbf5198f5,2025-05-13T17:23:47Z,2025-05-13T17:25:27Z,A5,Harm,ST,3,AGA,Yes,Agree
280,6713eb5e48cc2fd21195379f,2025-05-13T17:24:13Z,2025-05-13T17:26:43Z,A5,Harm,ST,3,AGA,No,Agree
281,65845f67f9ed8c08c8e58949,2025-05-13T17:24:29Z,2025-05-13T17:26:15Z,A5,Harm,ST,3,AGA,No,Agree
282,597d14341fc28a00019186d4,2025-05-13T17:24:47Z,2025-05-13T17:27:37Z,A5,Harm,ST,3,AGA,Yes,Agree
283,5c0cb29e1b80df00017843d2,2025-05-13T17:25:41Z,2025-05-13T17:29:14Z,A5,Harm,ST,3,AGA,Yes,Agree
284,6766f94f828cf789045ce1ac,2025-05-13T17:26:38Z,2025-05-13T17:30:05Z,A5,Harm,ST,3,AGR,Yes,Agree
285,66e8f81e357d882730f18be0,2025-05-13T17:27:34Z,2025-05-13T17:32:05Z,A5,Harm,ST,3,AGB,Yes,Agree
286,64b3ebc9ad6778799f835dcb,2025-05-13T17:37:22Z,2025-05-13T17:43:30Z,A5,Harm,ST,-3,-oth-,Yes,Disagree
287,6762f512bbd08dc5ac17bc9f,2025-05-13T17:38:08Z,2025-05-13T17:40:29Z,A5,Harm,ST,3,AGA,Yes,Agree
288,63a799cde6527ca4f11bc7b2,2025-05-13T17:38:51Z,2025-05-13T17:40:49Z,A5,Harm,ST,3,AGA,Yes,Agree
289,66fd546b92a0197eb27c02aa,2025-05-13T17:38:57Z,2025-05-13T17:43:38Z,A5,Harm,ST,2,AGR,Yes,Agree
290,5d55a0f63af827001981b8d6,2025-05-13T17:39:57Z,2025-05-13T17:41:49Z,A5,Harm,ST,3,AGA,Yes,Agree
291,6719f088c33e7e0d8819adbd,2025-05-13T17:40:06Z,2025-05-13T17:42:52Z,A5,Harm,ST,3,AGA,Yes,Agree
292,67ec3fe9714885c1e3c487c3,2025-05-13T17:40:12Z,2025-05-13T17:45:32Z,A5,Harm,ST,3,AGA,Yes,Agree
293,6596d15e8b04c4874343a715,2025-05-13T17:40:24Z,2025-05-13T17:41:56Z,A5,Harm,ST,3,AGB,Yes,Agree
294,66db57436e245785bb79ad61,2025-05-13T17:40:25Z,2025-05-13T17:41:51Z,A5,Harm,ST,3,AGA,No,Agree
295,67f195156ae8e9e3886a36dc,2025-05-13T17:40:33Z,2025-05-13T17:42:36Z,A5,Harm,ST,3,AGA,Yes,Agree
296,62ebd3cd785939570957fe59,2025-05-13T17:40:56Z,2025-05-13T17:43:13Z,A5,Harm,ST,3,AGR,Yes,Agree
297,67fd46db088825e305648e1a,2025-05-13T17:41:21Z,2025-05-13T17:44:13Z,A5,Harm,ST,1,AGB,Yes,Agree
298,5dab6fb28a6fc50012dc42a8,2025-05-13T17:41:46Z,2025-05-13T17:43:52Z,A5,Harm,ST,3,AGA,Yes,Agree
299,5dcfaad2dd9a740c2493fc28,2025-05-13T17:42:27Z,2025-05-13T17:45:42Z,A5,Harm,ST,3,AGB,Yes,Agree
300,672feaa71ba8b290765e0c7a,2025-05-13T17:42:44Z,2025-05-13T17:44:54Z,A5,Harm,ST,3,AGB,No,Agree
301,5d45d2c3b30ae50001578172,2025-05-13T17:42:57Z,2025-05-13T17:44:24Z,A5,Harm,ST,3,AGA,Yes,Agree
302,5d7fd2a5987f70001602d95b,2025-05-07T22:08:14Z,2025-05-07T22:11:45Z,A5,Help,AG,3,AGR,No,Agree
303,60ed8f50e13ce18a6d406a09,2025-05-07T22:09:31Z,2025-05-07T22:12:53Z,A5,Help,AG,-3,-oth-,No,Disagree
304,64b00963c1ea5bb33dc30910,2025-05-07T22:11:28Z,2025-05-07T22:15:39Z,A5,Help,AG,-2,AGR,No,Disagree
305,664cf2037353bb98801436b5,2025-05-07T22:11:42Z,2025-05-07T22:15:37Z,A5,Help,AG,1,AGA,No,Agree
306,67e1f9a91da223a80563aa1c,2025-05-07T22:12:50Z,2025-05-07T22:16:21Z,A5,Help,AG,2,AGR,No,Agree
307,66ff08f35285075a6031c8d5,2025-05-07T22:17:32Z,2025-05-07T22:19:23Z,A5,Help,AG,-3,-oth-,No,Disagree
308,67c7a68e2bb24579da79fd6f,2025-05-07T22:18:15Z,2025-05-07T22:21:57Z,A5,Help,AG,2,AGA,No,Agree
310,67c65fc36a80dfef8fbc1467,2025-05-07T22:18:36Z,2025-05-07T22:22:24Z,A5,Help,AG,-3,-oth-,No,Disagree
311,67e9e0449a506867ccbac8cd,2025-05-07T22:18:44Z,2025-05-07T22:21:33Z,A5,Help,AG,2,AGA,No,Agree
312,630a8feaa8eef385f72dc1a5,2025-05-07T22:19:46Z,2025-05-07T22:26:03Z,A5,Help,AG,-3,AGB,No,Disagree
313,651090beae417ded35c4ef2f,2025-05-07T22:20:23Z,2025-05-07T22:23:49Z,A5,Help,AG,3,AGA,No,Agree
314,5eea9a9ea8d6d71ba912a73e,2025-05-07T22:21:34Z,2025-05-07T22:23:16Z,A5,Help,AG,2,AGA,Yes,Agree
315,5ca3bd506c848000011d0afa,2025-05-07T22:25:47Z,2025-05-07T22:27:18Z,A5,Help,AG,3,AGA,Yes,Agree
316,5f80c3b14dc3ba1509305a89,2025-05-07T22:26:10Z,2025-05-07T22:28:18Z,A5,Help,AG,3,AGA,No,Agree
317,6657b0d02e5dfa6c2663a647,2025-05-07T22:33:59Z,2025-05-07T22:37:37Z,A5,Help,AG,2,AGA,No,Agree
318,67dff174e3c6d53e63e3a6a8,2025-05-07T22:34:56Z,2025-05-07T22:38:07Z,A5,Help,AG,1,AGA,No,Agree
319,67d3a5a498212eae9b9ce364,2025-05-07T22:35:05Z,2025-05-07T22:38:10Z,A5,Help,AG,-3,AGB,No,Disagree
320,677b129d7112f646f3fc7ed7,2025-05-07T22:37:32Z,2025-05-07T22:40:12Z,A5,Help,AG,1,AGA,No,Agree
321,6405feae7d6321bfaaf793e8,2025-05-07T22:37:38Z,2025-05-07T22:39:00Z,A5,Help,AG,-1,AGR,No,Disagree
322,63c80a427dfa1305502df5a8,2025-05-07T22:37:56Z,2025-05-07T22:41:21Z,A5,Help,AG,3,AGA,No,Agree
323,5bc07659b8d38c0001de0516,2025-05-07T22:38:02Z,2025-05-07T22:40:04Z,A5,Help,AG,3,AGA,No,Agree
324,67f45e1b361e2b3ebc9e7ed7,2025-05-07T22:38:13Z,2025-05-07T22:39:39Z,A5,Help,AG,-3,AGB,No,Disagree
325,5c477c3b302d8a0001c52ee2,2025-05-07T22:38:18Z,2025-05-07T22:39:59Z,A5,Help,AG,-3,AGR,No,Disagree
326,67ab317d4245c4e2b33e2753,2025-05-07T22:38:33Z,2025-05-07T22:41:45Z,A5,Help,AG,2,AGA,No,Agree
327,678a9f5c3599b8ddc9c2aebe,2025-05-07T22:38:38Z,2025-05-07T22:43:31Z,A5,Help,AG,-3,AGR,No,Disagree
328,680d493dc14cd65450536c38,2025-05-07T22:39:52Z,2025-05-07T22:46:13Z,A5,Help,AG,-1,AGA,No,Disagree
329,67f031e39c78264ea62bf22d,2025-05-07T22:50:37Z,2025-05-07T23:00:52Z,A5,Help,AG,-3,AGR,No,Disagree
330,6743528bc1bf31373949c647,2025-05-07T22:51:29Z,2025-05-07T22:59:21Z,A5,Help,AG,2,AGB,Yes,Agree
331,67f30214cb36ae0391baac33,2025-05-07T22:52:00Z,2025-05-07T22:53:50Z,A5,Help,AG,-3,AGR,No,Disagree
332,66293b5f114fcffc83b0a894,2025-05-07T22:52:54Z,2025-05-07T22:54:04Z,A5,Help,AG,-2,AGR,No,Disagree
333,674d74930bb10f46df1ca2db,2025-05-07T22:54:04Z,2025-05-07T22:57:42Z,A5,Help,AG,-3,-oth-,No,Disagree
334,67f1650f9ce37887f3f7d90e,2025-05-07T22:54:44Z,2025-05-07T22:58:42Z,A5,Help,AG,1,AGB,Yes,Agree
335,673f3cd975d4eab135cdad88,2025-05-07T22:55:22Z,2025-05-07T23:00:52Z,A5,Help,AG,2,AGB,No,Agree
336,673e7e6f2cbf961c153d11e3,2025-05-07T22:56:27Z,2025-05-07T23:00:49Z,A3,Help,AG,-3,AGB,No,Disagree
337,67f59c77f837ba443d96bc47,2025-05-07T22:56:46Z,2025-05-07T22:59:24Z,A5,Help,AG,1,AGA,No,Agree
338,603d6ae665fbaacb5621ede2,2025-05-07T22:56:50Z,2025-05-07T22:58:19Z,A5,Help,AG,1,AGA,No,Agree
339,67f2b914d702155cbc0a3a2c,2025-05-07T22:57:04Z,2025-05-07T23:00:53Z,A5,Help,AG,2,AGA,No,Agree
340,67dc8045ad967bc9599351ab,2025-05-07T22:57:11Z,2025-05-07T23:00:38Z,A5,Help,AG,-3,AGR,No,Disagree
341,67ede515b090269e0fa4d482,2025-05-07T22:58:19Z,2025-05-07T23:01:39Z,A5,Help,AG,2,AGR,No,Agree
342,657dd22938e31904b66ca3b4,2025-05-07T22:59:07Z,2025-05-07T23:03:13Z,A5,Help,AG,1,AGR,No,Agree
343,599da50e17c03c000151b18b,2025-05-07T23:09:33Z,2025-05-07T23:13:10Z,A5,Help,AG,3,AGA,No,Agree
344,63039f41fa5c21d483996be2,2025-05-07T23:09:55Z,2025-05-07T23:13:12Z,A5,Help,AG,-3,AGB,No,Disagree
345,5f16fde210d37701904c9dc2,2025-05-07T23:10:17Z,2025-05-07T23:12:08Z,A5,Help,AG,3,AGR,No,Agree
346,67e88a9ebe5802df7311bee8,2025-05-07T23:10:21Z,2025-05-07T23:15:00Z,A5,Help,AG,2,AGR,No,Agree
347,67d8766b5a2500a0b13597d9,2025-05-07T23:11:33Z,2025-05-07T23:19:52Z,A5,Help,AG,-3,AGR,No,Disagree
348,67e03de86567af68e15f8b33,2025-05-07T23:11:43Z,2025-05-07T23:13:08Z,A5,Help,AG,-3,AGB,No,Disagree
349,6514d739f7568fe6b2ebbe35,2025-05-07T23:12:11Z,2025-05-07T23:15:42Z,A5,Help,AG,2,AGR,No,Agree
350,67dbbf1d1b7344b1598756e0,2025-05-07T23:12:33Z,2025-05-07T23:35:10Z,A1,Help,AG,1,AGB,Yes,Agree
351,67e2eb9a7f9a361a99d8e894,2025-05-07T23:12:47Z,2025-05-07T23:15:35Z,A5,Help,AG,1,AGA,No,Agree
352,676e2ff1efc59fd607203ba7,2025-05-07T23:13:05Z,2025-05-07T23:18:07Z,A5,Help,AG,2,AGA,No,Agree
353,645906dc264ac9eb66b7f3ec,2025-05-07T23:13:27Z,2025-05-07T23:14:20Z,A5,Help,AG,2,AGA,No,Agree
354,616c056b42e788ef31efc4b0,2025-05-07T23:13:27Z,2025-05-07T23:14:35Z,A5,Help,AG,2,AGA,No,Agree
355,66661b1242b581f199e49f4c,2025-05-07T23:14:21Z,2025-05-07T23:16:57Z,A5,Help,AG,-3,-oth-,No,Disagree
356,678f0bb28ec3307e4f1afb78,2025-05-07T23:14:43Z,2025-05-07T23:18:14Z,A5,Help,AG,3,-oth-,No,Agree
357,6744d143eddffd17d345b192,2025-05-13T16:56:28Z,2025-05-13T16:58:41Z,A5,Help,AG,2,-oth-,No,Agree
358,67c83488e67b25dcb923d96d,2025-05-13T16:58:20Z,2025-05-13T17:02:48Z,A5,Help,AG,-1,-oth-,No,Disagree
359,66c9f7305f8a64d04cb5344c,2025-05-13T16:58:35Z,2025-05-13T17:01:06Z,A5,Help,AG,-3,AGR,No,Disagree
360,60fd8d3daa8dc32723731c4b,2025-05-13T16:58:54Z,2025-05-13T17:01:32Z,A5,Help,AG,-2,-oth-,No,Disagree
361,67e9e090c54ce895c5ced1a1,2025-05-13T17:01:43Z,2025-05-13T17:03:55Z,A5,Help,AG,-3,AGR,No,Disagree
362,60d9e7e76cf2ab6d21eb5f99,2025-05-13T17:03:25Z,2025-05-13T17:06:33Z,A5,Help,AG,-3,AGB,No,Disagree
363,6819193c2ad22b10180cc87e,2025-05-13T17:04:52Z,2025-05-13T17:07:44Z,A5,Help,AG,1,AGA,No,Agree
364,667f4eb6c32c389a9edb9747,2025-05-13T17:04:58Z,2025-05-13T17:07:00Z,A5,Help,AG,-2,-oth-,No,Disagree
365,67eb0f1c8e1ef0ebf3006adc,2025-05-13T17:05:26Z,2025-05-13T17:09:11Z,A5,Help,AG,-3,AGB,No,Disagree
366,67bca2520a799ae9507bc053,2025-05-13T17:06:27Z,2025-05-13T17:13:06Z,A5,Help,AG,-1,-oth-,No,Disagree
367,63c5869714c648472e253347,2025-05-13T17:07:01Z,2025-05-13T17:09:53Z,A5,Help,AG,3,AGR,No,Agree
368,63af557b3d4f219c3226b7d6,2025-05-13T17:09:49Z,2025-05-13T17:10:51Z,A5,Help,AG,-1,AGA,No,Disagree
369,677a797fcca3e291b75022f5,2025-05-13T17:11:12Z,2025-05-13T17:18:20Z,A5,Help,AG,-2,AGB,No,Disagree
370,67886036d898e36d12084892,2025-05-13T17:12:34Z,2025-05-13T17:17:37Z,A5,Help,AG,1,AGR,No,Agree
371,673321669f5c5d443040682b,2025-05-13T17:15:07Z,2025-05-13T17:16:21Z,A5,Help,AG,3,AGA,No,Agree
372,67d3695629e35e34aff57336,2025-05-13T17:16:26Z,2025-05-13T17:19:14Z,A5,Help,AG,-3,AGA,No,Disagree
373,67e2f87c6e3741dd0aeb1cb1,2025-05-13T17:16:47Z,2025-05-13T17:20:06Z,A5,Help,AG,2,AGA,No,Agree
374,5b2fef03530770000105a8b2,2025-05-13T17:17:01Z,2025-05-13T17:19:04Z,A5,Help,AG,2,AGR,No,Agree
375,67df2e46e9490330c7b8b9f6,2025-05-13T17:20:01Z,2025-05-13T17:22:07Z,A5,Help,AG,-2,AGR,No,Disagree
376,67dc687bd93f2802388b5117,2025-05-13T17:27:23Z,2025-05-13T17:31:55Z,A5,Help,AG,2,AGB,No,Agree
377,67258f550f46ea04e47afa8b,2025-05-13T17:27:27Z,2025-05-13T17:28:32Z,A5,Help,AG,2,AGR,No,Agree
378,653bce556778e1739b2060a1,2025-05-13T17:27:58Z,2025-05-13T17:29:08Z,A5,Help,AG,1,AGA,No,Agree
379,677679d8f8b195498c2f7a09,2025-05-13T17:28:49Z,2025-05-13T17:33:35Z,A5,Help,AG,3,AGA,No,Agree
380,67e24fb0c92973e0d4cb7835,2025-05-13T17:29:01Z,2025-05-13T17:33:33Z,A1,Help,AG,2,AGR,Yes,Agree
381,672d4ccff9372d646bbd16ba,2025-05-13T17:31:26Z,2025-05-13T17:32:26Z,A5,Help,AG,2,AGA,No,Agree
382,6644cf0a2e641bfd221ac4af,2025-05-13T17:31:55Z,2025-05-13T17:33:34Z,A5,Help,AG,-1,AGB,No,Disagree
383,663a7af013938e6bbfb065d5,2025-05-13T17:32:34Z,2025-05-13T17:36:26Z,A5,Help,AG,2,AGA,No,Agree
384,67e7fcf492ab891b1822f885,2025-05-13T17:33:13Z,2025-05-13T17:34:40Z,A5,Help,AG,-1,AGR,No,Disagree
385,6715013670bed7e4e955f109,2025-05-13T17:33:40Z,2025-05-13T17:37:24Z,A5,Help,AG,-1,AGB,No,Disagree
386,60e580ac2b617df6311e8462,2025-05-13T17:34:43Z,2025-05-13T17:37:59Z,A5,Help,AG,3,AGA,No,Agree
387,667dcf1309a59ce9ec44022b,2025-05-13T17:34:51Z,2025-05-13T17:36:47Z,A5,Help,AG,-3,AGR,No,Disagree
388,663388f6d4e404ce37e9b350,2025-05-13T17:34:51Z,2025-05-13T17:38:09Z,A5,Help,AG,-2,AGR,No,Disagree
389,67ceb35b4792192fccbb19c9,2025-05-13T17:36:17Z,2025-05-13T17:39:54Z,A5,Help,AG,-3,AGR,No,Disagree
390,67db1d62899076750f6a1827,2025-05-13T17:37:29Z,2025-05-13T17:39:38Z,A5,Help,AG,-3,AGB,No,Disagree
391,67d44069e586aab3ec859468,2025-05-13T17:38:08Z,2025-05-13T17:40:34Z,A5,Help,AG,3,AGA,No,Agree
392,6718b63a1e293387ef30d259,2025-05-13T17:44:06Z,2025-05-13T17:46:05Z,A5,Help,AG,1,AGA,No,Agree
393,67d3655c75384fd3ef38390b,2025-05-13T17:48:42Z,2025-05-13T17:51:06Z,A5,Help,AG,2,AGA,No,Agree
394,5e356b29d87fbf512a4cd090,2025-05-13T17:49:22Z,2025-05-13T17:51:14Z,A5,Help,AG,-2,AGR,No,Disagree
395,59bb884a3c45a10001ccc4f7,2025-05-13T17:49:43Z,2025-05-13T17:53:18Z,A5,Help,AG,-2,-oth-,No,Disagree
396,65dc99d0191a135ab835bf69,2025-05-13T17:50:19Z,2025-05-13T17:54:26Z,A5,Help,AG,2,AGR,No,Agree
397,5d6376ec7e447f001c971315,2025-05-13T17:50:31Z,2025-05-13T17:53:04Z,A5,Help,AG,0,AGB,No,Hesitate
398,5bd9dc9abf1a7800011db1f1,2025-05-13T17:50:36Z,2025-05-13T17:52:15Z,A5,Help,AG,-3,AGR,No,Disagree
399,66af6d1fbf57849a8134c7c8,2025-05-13T17:55:54Z,2025-05-13T17:57:49Z,A5,Help,AG,-3,-oth-,No,Disagree
400,5996d2256b939900012d9f22,2025-05-13T17:56:40Z,2025-05-13T17:59:07Z,A5,Help,AG,3,AGA,No,Agree
401,66d5d10f4defd1d7b2cdd5c5,2025-05-07T22:08:10Z,2025-05-07T22:10:02Z,A5,Help,CA,1,AGA,No,Agree
402,6711729a71c35dc0418b2ef3,2025-05-07T22:10:39Z,2025-05-07T22:13:28Z,A5,Help,CA,3,AGR,No,Agree
403,67511b1497ff44e336a37e44,2025-05-07T22:11:10Z,2025-05-07T22:15:06Z,A5,Help,CA,2,AGR,No,Agree
404,660207c28ad9227816c9593d,2025-05-07T22:11:16Z,2025-05-07T22:13:24Z,A5,Help,CA,3,AGR,No,Agree
405,5f25419d6c25411a2b68ddd8,2025-05-07T22:11:54Z,2025-05-07T22:15:36Z,A5,Help,CA,3,AGR,No,Agree
406,66b1ae2bf1b4bbd5740d658a,2025-05-07T22:13:26Z,2025-05-07T22:18:11Z,A5,Help,CA,3,AGA,No,Agree
407,58404fd8ad98e40001ce915f,2025-05-07T22:20:30Z,2025-05-07T22:23:16Z,A5,Help,CA,3,AGA,No,Agree
408,5cf765f7b026f40001fe1bc6,2025-05-07T22:22:37Z,2025-05-07T22:25:07Z,A5,Help,CA,2,AGA,No,Agree
409,6741ce8667002c96f0362d34,2025-05-07T22:22:47Z,2025-05-07T22:25:17Z,A5,Help,CA,3,AGB,No,Agree
410,651c4484ba17050f6b716614,2025-05-07T22:22:56Z,2025-05-07T22:24:26Z,A5,Help,CA,3,AGA,No,Agree
411,677601065642ec4c09a1a933,2025-05-07T22:23:13Z,2025-05-07T22:25:24Z,A5,Help,CA,3,AGA,No,Agree
412,5a5c23afe0cf3d0001268781,2025-05-07T22:23:59Z,2025-05-07T22:28:12Z,A5,Help,CA,3,AGA,No,Agree
413,6723fefd7a09fe9da8f9bd10,2025-05-07T22:24:05Z,2025-05-07T22:25:26Z,A5,Help,CA,3,AGB,No,Agree
414,67dcc454ea9aca49011e1373,2025-05-07T22:24:39Z,2025-05-07T22:33:54Z,A5,Help,CA,0,AGR,No,Hesitate
415,67803b5508f3d995ef13696b,2025-05-07T22:25:22Z,2025-05-07T22:28:30Z,A5,Help,CA,3,AGA,No,Agree
416,5d9e3b307b8a7d00169f35c0,2025-05-07T22:25:47Z,2025-05-07T22:27:37Z,A5,Help,CA,0,AGB,No,Hesitate
417,67cf641ea8d0de4b9a381a8a,2025-05-07T22:26:19Z,2025-05-07T22:29:58Z,A5,Help,CA,3,AGA,No,Agree
418,67f2e7e796881a7894a2390e,2025-05-07T22:26:26Z,2025-05-07T22:36:04Z,A5,Help,CA,-2,AGB,No,Disagree
419,66e8661e0c5e57cda7bf2d39,2025-05-07T22:26:59Z,2025-05-07T22:28:56Z,A5,Help,CA,2,AGA,No,Agree
420,67325d10b9e0c58d803cd7ba,2025-05-07T22:27:01Z,2025-05-07T22:28:53Z,A5,Help,CA,2,AGA,No,Agree
421,67ef1d25b8fe6887e5733c5e,2025-05-07T22:27:04Z,2025-05-07T22:33:36Z,A5,Help,CA,2,AGA,No,Agree
422,67a8e8efd1fbc05b723469f0,2025-05-07T22:40:06Z,2025-05-07T22:42:35Z,A5,Help,CA,3,AGB,No,Agree
423,5edeea354d54cb1a825aa8f9,2025-05-07T22:40:26Z,2025-05-07T22:44:01Z,A5,Help,CA,3,AGA,No,Agree
424,674345f9aa4a485b13423e9a,2025-05-07T22:40:42Z,2025-05-07T22:43:54Z,A5,Help,CA,3,AGA,No,Agree
425,67ef0bcaa1313c7666e08ab9,2025-05-07T22:41:19Z,2025-05-07T22:44:30Z,A5,Help,CA,-3,AGA,No,Disagree
426,67abd57a8bc907775a0d58fa,2025-05-07T22:43:03Z,2025-05-07T22:46:24Z,A5,Help,CA,0,-oth-,No,Hesitate
427,6811522a7d4de19ac966290d,2025-05-07T22:43:14Z,2025-05-07T22:50:22Z,A5,Help,CA,3,AGR,No,Agree
428,67c48c29073e1078535e0f45,2025-05-07T22:43:31Z,2025-05-07T22:49:23Z,A5,Help,CA,3,AGA,No,Agree
429,5c74e7e9c3fe130001e86cc8,2025-05-07T22:49:30Z,2025-05-07T22:51:13Z,A5,Help,CA,3,AGA,No,Agree
430,666efb72703de8fb31acc194,2025-05-07T22:51:22Z,2025-05-07T22:56:40Z,A5,Help,CA,3,-oth-,No,Agree
431,67cc3eed8e11f5ac44b6e131,2025-05-07T22:51:34Z,2025-05-07T22:55:12Z,A5,Help,CA,3,AGA,No,Agree
432,66e8d1826ef24a26511c2ac6,2025-05-07T22:52:00Z,2025-05-07T22:54:40Z,A5,Help,CA,3,AGA,No,Agree
433,67ece9196415f83b88c87e3d,2025-05-07T22:53:28Z,2025-05-07T22:58:08Z,A5,Help,CA,-3,AGA,No,Disagree
434,678601bc84e8fe5db695b1fe,2025-05-07T22:59:16Z,2025-05-07T23:03:08Z,A5,Help,CA,1,AGA,No,Agree
435,59e7477e3e4b5a00016aa4d2,2025-05-07T23:00:23Z,2025-05-07T23:01:45Z,A5,Help,CA,3,AGR,No,Agree
436,6422f34be2b8257efb345837,2025-05-07T23:01:14Z,2025-05-07T23:03:28Z,A5,Help,CA,0,AGA,No,Hesitate
437,62686c6e90a0f6fe0a6c646a,2025-05-07T23:01:30Z,2025-05-07T23:03:46Z,A5,Help,CA,2,AGA,No,Agree
438,593e6e9ea2bf080001ed3bba,2025-05-07T23:01:44Z,2025-05-07T23:03:54Z,A5,Help,CA,-3,AGR,No,Disagree
439,65fb580ab7fbb2d518ee8eaa,2025-05-07T23:02:14Z,2025-05-07T23:04:41Z,A5,Help,CA,3,AGA,No,Agree
440,5a8185b8aa46dd00016b80d6,2025-05-07T23:02:32Z,2025-05-07T23:05:18Z,A5,Help,CA,3,AGA,No,Agree
441,60fcb280d58f26d33cb004a6,2025-05-07T23:02:41Z,2025-05-07T23:04:22Z,A5,Help,CA,3,AGA,No,Agree
442,67e5eab3dc572f7c0ad8b36f,2025-05-07T23:03:23Z,2025-05-07T23:05:04Z,A5,Help,CA,3,AGR,No,Agree
443,65ebbbc0a6328372037a40c1,2025-05-07T23:03:26Z,2025-05-07T23:05:45Z,A5,Help,CA,-1,AGA,No,Disagree
444,5ea057b821f4e400081b71a7,2025-05-07T23:03:32Z,2025-05-07T23:09:00Z,A5,Help,CA,0,-oth-,No,Hesitate
445,66fac66a574a89324f8980df,2025-05-07T23:14:23Z,2025-05-07T23:17:19Z,A5,Help,CA,2,AGR,Yes,Agree
446,6677328704eab5e142f81a4c,2025-05-07T23:17:24Z,2025-05-07T23:19:46Z,A5,Help,CA,-3,AGB,No,Disagree
447,677af995d5aabfb59f938acf,2025-05-07T23:19:24Z,2025-05-07T23:21:17Z,A5,Help,CA,3,AGA,No,Agree
448,5798e5674a84da00014c652b,2025-05-07T23:45:48Z,2025-05-07T23:47:28Z,A5,Help,CA,3,AGR,No,Agree
449,66cf40a29f72528d5f3c752e,2025-05-13T16:50:42Z,2025-05-13T16:51:35Z,A5,Help,CA,-3,AGR,No,Disagree
450,56b43607c54e3c000d3c9b0b,2025-05-13T16:51:25Z,2025-05-13T16:53:47Z,A5,Help,CA,2,AGA,No,Agree
451,5d75c56a52c89d0017df611c,2025-05-13T16:51:29Z,2025-05-13T16:56:05Z,A5,Help,CA,3,AGA,No,Agree
452,63f7c60b1e096c2df51e3071,2025-05-13T16:52:02Z,2025-05-13T16:54:34Z,A5,Help,CA,-2,AGR,No,Disagree
453,67d5ecbae62eeba835cfe7d7,2025-05-13T16:53:54Z,2025-05-13T16:57:41Z,A5,Help,CA,-2,-oth-,No,Disagree
454,6329bd3e699f53922a5da47c,2025-05-13T16:54:00Z,2025-05-13T16:55:24Z,A5,Help,CA,0,AGA,No,Hesitate
455,5dacff17847579001715f610,2025-05-13T16:54:10Z,2025-05-13T16:55:38Z,A5,Help,CA,-3,-oth-,No,Disagree
456,67c60d4d83aab66707607562,2025-05-13T16:54:14Z,2025-05-13T16:59:36Z,A5,Help,CA,1,AGA,No,Agree
457,666afb4cabd9b9230b916811,2025-05-13T16:55:46Z,2025-05-13T16:58:12Z,A5,Help,CA,-2,AGR,No,Disagree
458,669041884256730dc2ce4171,2025-05-13T16:56:16Z,2025-05-13T16:59:23Z,A5,Help,CA,-3,-oth-,No,Disagree
459,5ee3ebd469bfc40cd94f8f36,2025-05-13T16:56:32Z,2025-05-13T16:57:45Z,A5,Help,CA,-2,AGB,No,Disagree
460,66c4a32221f616ebf48ab21d,2025-05-13T16:56:34Z,2025-05-13T16:58:45Z,A5,Help,CA,3,AGA,No,Agree
461,63fa2f029381a13d9f2a36a8,2025-05-13T16:57:00Z,2025-05-13T16:58:40Z,A5,Help,CA,3,AGB,No,Agree
462,66d6584b97d5a0cfa409a09b,2025-05-13T16:57:29Z,2025-05-13T17:04:37Z,A2,Help,CA,1,AGR,Yes,Agree
463,6790e3c6e06ac84c871c1691,2025-05-13T16:57:33Z,2025-05-13T16:59:51Z,A5,Help,CA,0,AGB,No,Hesitate
464,5f16f559325a640008bb9a07,2025-05-13T17:07:23Z,2025-05-13T17:12:36Z,A5,Help,CA,-3,AGB,No,Disagree
465,6362ab21cc450adf951bd6a7,2025-05-13T17:07:29Z,2025-05-13T17:09:28Z,A5,Help,CA,1,AGA,No,Agree
466,679e81108eebf65d6f83c490,2025-05-13T17:07:58Z,2025-05-13T17:11:50Z,A5,Help,CA,0,AGA,No,Hesitate
467,60d5c66db6493439a72a6d25,2025-05-13T17:08:05Z,2025-05-13T17:15:34Z,A5,Help,CA,2,-oth-,No,Agree
468,637f7d10665738cfea163256,2025-05-13T17:09:10Z,2025-05-13T17:11:54Z,A5,Help,CA,3,AGA,No,Agree
469,5fb156d6e16ee65ed2558d7c,2025-05-13T17:11:46Z,2025-05-13T17:12:57Z,A5,Help,CA,3,AGA,No,Agree
470,67f139e0a8c12321ab2d0b02,2025-05-13T17:17:22Z,2025-05-13T17:20:35Z,A5,Help,CA,2,AGA,No,Agree
471,67f05146dc313d0ce5ea7510,2025-05-13T17:17:37Z,2025-05-13T17:24:39Z,A5,Help,CA,3,AGA,No,Agree
472,68110949a2c450037f0304be,2025-05-13T17:17:49Z,2025-05-13T17:19:21Z,A5,Help,CA,1,AGA,Yes,Agree
473,5ed6a80ac3b8620fd41f5fd6,2025-05-13T17:19:37Z,2025-05-13T17:22:31Z,A5,Help,CA,2,AGA,No,Agree
474,67c05d920a5adc5953cc3de7,2025-05-13T17:19:47Z,2025-05-13T17:21:46Z,A5,Help,CA,3,AGB,No,Agree
475,67871258329b1d6941040ada,2025-05-13T17:20:52Z,2025-05-13T17:23:34Z,A5,Help,CA,3,AGA,No,Agree
476,5dc0e5d927d0520845f47856,2025-05-13T17:23:05Z,2025-05-13T17:27:05Z,A5,Help,CA,3,AGB,No,Agree
477,67d1757dde5c6b0a78a7715a,2025-05-13T17:23:43Z,2025-05-13T17:27:30Z,A5,Help,CA,-3,AGB,No,Disagree
478,67e888b9bca4f2c0db8a06fa,2025-05-13T17:23:56Z,2025-05-13T17:27:07Z,A5,Help,CA,-2,AGR,No,Disagree
479,67dbe2c38614c922a6a8dbe5,2025-05-13T17:25:17Z,2025-05-13T17:26:43Z,A5,Help,CA,3,AGA,No,Agree
480,66bd2f936ab3b23d4a8abbe3,2025-05-13T17:26:39Z,2025-05-13T17:28:45Z,A5,Help,CA,3,AGR,No,Agree
481,67a65fd458dd634e4d3fa6a9,2025-05-13T17:27:10Z,2025-05-13T17:30:40Z,A5,Help,CA,1,AGB,No,Agree
482,667d637466a03a056e7b3427,2025-05-13T17:27:15Z,2025-05-13T17:29:50Z,A5,Help,CA,3,-oth-,No,Agree
483,66fcb4019a3324429051348c,2025-05-13T17:27:28Z,2025-05-13T17:29:07Z,A5,Help,CA,3,AGA,No,Agree
484,67d4ab2b6bcf2affcb4d66ec,2025-05-13T17:36:40Z,2025-05-13T17:39:18Z,A5,Help,CA,2,AGA,No,Agree
485,63d79bf2271aa409e093e403,2025-05-13T17:36:43Z,2025-05-13T17:38:55Z,A5,Help,CA,3,AGA,No,Agree
486,66d045a6b838b2a1ff99653a,2025-05-13T17:37:38Z,2025-05-13T17:41:02Z,A5,Help,CA,1,-oth-,No,Agree
487,5685850c333cbd000d4e042f,2025-05-13T17:38:18Z,2025-05-13T17:39:31Z,A5,Help,CA,3,AGA,No,Agree
488,62cbf51439a76e8fccd8a495,2025-05-13T17:38:23Z,2025-05-13T17:40:46Z,A5,Help,CA,1,AGA,No,Agree
489,669dbd856a36321b0839f78e,2025-05-13T17:39:12Z,2025-05-13T17:42:01Z,A5,Help,CA,-3,AGA,No,Disagree
490,67d933a6939390178799a6b6,2025-05-13T17:39:18Z,2025-05-13T17:41:51Z,A5,Help,CA,-3,AGR,No,Disagree
491,67e727e0e5b6fb17d760f39f,2025-05-13T17:44:20Z,2025-05-13T17:53:13Z,A5,Help,CA,0,AGR,No,Hesitate
492,6727931ccaf92e0d2351962b,2025-05-13T17:44:21Z,2025-05-13T17:47:19Z,A5,Help,CA,2,AGA,No,Agree
493,671d3690dc5df6d004cfb65e,2025-05-13T17:45:19Z,2025-05-13T17:46:43Z,A5,Help,CA,1,AGA,No,Agree
494,6669fe44c5660a00d14ab11d,2025-05-13T17:46:13Z,2025-05-13T17:47:14Z,A5,Help,CA,3,AGA,No,Agree
495,63f77dc98bfabd95812edc2c,2025-05-13T17:46:43Z,2025-05-13T17:48:54Z,A5,Help,CA,3,AGA,No,Agree
496,67a4e8df95c41323b386d85d,2025-05-13T17:48:03Z,2025-05-13T17:49:54Z,A5,Help,CA,-3,AGR,No,Disagree
497,660eb0b257ea5439cd5e020a,2025-05-13T17:51:57Z,2025-05-13T17:56:09Z,A5,Help,CA,-3,-oth-,No,Disagree
498,67cf114d88ac6082ae5c17bd,2025-05-13T17:53:44Z,2025-05-13T17:56:25Z,A5,Help,CA,3,AGA,No,Agree
499,5ef4d8b87faaa00c0dea0c4e,2025-05-13T17:54:20Z,2025-05-13T17:56:33Z,A5,Help,CA,3,AGR,No,Agree
500,681888864c0c733e5969a799,2025-05-13T17:54:32Z,2025-05-13T17:57:12Z,A5,Help,CA,2,AGR,No,Agree
501,673638b56bb65715b44b147f,2025-05-13T17:55:00Z,2025-05-13T18:03:26Z,A5,Help,CA,2,AGA,No,Agree
502,5aa806e7777df200016088c5,2025-05-13T17:55:17Z,2025-05-13T17:57:21Z,A5,Help,CA,3,AGA,Yes,Agree
503,59ffb939517dfb00013dadda,2025-05-07T22:09:34Z,2025-05-07T22:11:45Z,A5,Help,ST,3,AGB,No,Agree
504,673b4532dad611895a16ae00,2025-05-07T22:12:06Z,2025-05-07T22:17:32Z,A5,Help,ST,-1,AGA,No,Disagree
505,66c20b634a3b292d25596fbc,2025-05-07T22:13:23Z,2025-05-07T22:15:12Z,A5,Help,ST,3,AGA,Yes,Agree
506,67445788eafdd6f0a0dcd927,2025-05-07T22:13:34Z,2025-05-07T22:15:10Z,A5,Help,ST,2,AGA,No,Agree
507,67f2f188b1977c699d6f1dc5,2025-05-07T22:15:45Z,2025-05-07T22:20:27Z,A5,Help,ST,-1,-oth-,No,Disagree
508,6606d4f4acdc3a6b8200c0ee,2025-05-07T22:15:56Z,2025-05-07T22:18:02Z,A5,Help,ST,1,AGR,No,Agree
509,672cbd84c7bd6e9e70eef89c,2025-05-07T22:17:18Z,2025-05-07T22:20:35Z,A5,Help,ST,-1,AGB,No,Disagree
510,5d8ceadadad82b0016bac50b,2025-05-07T22:18:30Z,2025-05-07T22:19:45Z,A5,Help,ST,2,AGR,No,Agree
511,673b5242cd8343023316ee4e,2025-05-07T22:18:50Z,2025-05-07T22:21:57Z,A5,Help,ST,3,AGA,No,Agree
512,67e1dede9ac73d05f0eb255e,2025-05-07T22:20:08Z,2025-05-07T22:22:29Z,A5,Help,ST,-2,AGB,No,Disagree
513,67eab1aeb37aa4b619153e4b,2025-05-07T22:30:02Z,2025-05-07T22:33:00Z,A5,Help,ST,-2,AGR,No,Disagree
514,656fc7d36afa7a7199fe7c75,2025-05-07T22:31:06Z,2025-05-07T22:35:40Z,A5,Help,ST,3,AGA,Yes,Agree
515,613c4625782929c725512b98,2025-05-07T22:31:14Z,2025-05-07T22:32:52Z,A5,Help,ST,2,AGA,No,Agree
516,6792f9facbb387400c5b6119,2025-05-07T22:31:15Z,2025-05-07T22:35:34Z,A5,Help,ST,3,AGR,No,Agree
517,67df202b5c38e0528495d375,2025-05-07T22:31:16Z,2025-05-07T22:34:08Z,A5,Help,ST,2,AGA,Yes,Agree
518,62959d1553cc14e98f4b8d78,2025-05-07T22:31:23Z,2025-05-07T22:33:23Z,A5,Help,ST,1,AGA,Yes,Agree
519,67f04fb44e2417dac00edc8f,2025-05-07T22:32:06Z,2025-05-07T22:36:56Z,A5,Help,ST,3,AGA,No,Agree
520,66c1c5cb4b460dacc8290b9e,2025-05-07T22:32:20Z,2025-05-07T22:34:33Z,A5,Help,ST,-3,-oth-,No,Disagree
521,664e2d4a26686cecdfd660eb,2025-05-07T22:32:24Z,2025-05-07T22:33:34Z,A5,Help,ST,3,AGB,No,Agree
522,5eed1bae9e63ac127ac15a77,2025-05-07T22:32:27Z,2025-05-07T22:34:13Z,A5,Help,ST,3,AGA,No,Agree
523,6429ffe11a9806a9a95ad072,2025-05-07T22:32:59Z,2025-05-07T22:35:52Z,A5,Help,ST,3,AGA,No,Agree
524,677d99d7e6122bb726370792,2025-05-07T22:34:00Z,2025-05-07T22:35:55Z,A5,Help,ST,-3,AGA,No,Disagree
525,671139a20b977d78ec2ac1e0,2025-05-07T22:44:22Z,2025-05-07T22:47:39Z,A5,Help,ST,3,AGB,No,Agree
526,66f87d84fcfe786a13ff1edb,2025-05-07T22:45:18Z,2025-05-07T22:49:53Z,A5,Help,ST,3,AGA,No,Agree
527,67dc85945e35d14d09fbd682,2025-05-07T22:46:14Z,2025-05-07T22:52:05Z,A5,Help,ST,-2,AGR,No,Disagree
528,67df453b924dec242ee417f2,2025-05-07T22:47:11Z,2025-05-07T22:51:24Z,A5,Help,ST,1,AGA,No,Agree
529,5dd05d80b2204f1487f7812c,2025-05-07T22:47:41Z,2025-05-07T22:49:12Z,A5,Help,ST,1,AGA,No,Agree
530,5c00043a6d931200019bcb9b,2025-05-07T22:48:14Z,2025-05-07T22:50:05Z,A5,Help,ST,-1,AGR,No,Disagree
531,671fbc862b5c7b635c9980de,2025-05-07T22:48:46Z,2025-05-07T22:56:59Z,A5,Help,ST,2,AGA,No,Agree
532,5f79bca83a2eb65c0983816d,2025-05-07T22:49:04Z,2025-05-07T22:51:52Z,A5,Help,ST,2,AGA,No,Agree
533,6758dfba40a30c80e461d98f,2025-05-07T22:49:07Z,2025-05-07T22:50:47Z,A5,Help,ST,-3,-oth-,No,Disagree
534,663cd0ab9a13d177b358f8f1,2025-05-07T22:49:24Z,2025-05-07T22:52:37Z,A5,Help,ST,1,AGR,Yes,Agree
535,630981b0f861918e8174a43e,2025-05-07T22:49:43Z,2025-05-07T22:51:16Z,A5,Help,ST,3,AGA,No,Agree
536,6660993c21d954cc7c6dfa3a,2025-05-07T22:50:13Z,2025-05-07T22:51:49Z,A5,Help,ST,-2,AGR,No,Disagree
537,67d9f5683d7f57c8732b6e63,2025-05-07T22:53:33Z,2025-05-07T22:56:24Z,A5,Help,ST,3,AGB,Yes,Agree
538,67e7dac7c349cc02a86e6ded,2025-05-07T23:00:05Z,2025-05-07T23:03:24Z,A5,Help,ST,-3,AGR,No,Disagree
539,6685dba14d53fe6101047e9b,2025-05-07T23:00:34Z,2025-05-07T23:02:38Z,A5,Help,ST,3,AGR,No,Agree
540,6637aec5d6d06fd808983c9d,2025-05-07T23:01:29Z,2025-05-07T23:03:45Z,A5,Help,ST,1,AGR,No,Agree
541,67e28b8e55a03e52547a2a9a,2025-05-07T23:05:08Z,2025-05-07T23:09:31Z,A5,Help,ST,3,AGR,No,Agree
542,6781772babcc4f0fe3ebd378,2025-05-07T23:05:53Z,2025-05-07T23:09:06Z,A5,Help,ST,-2,AGB,No,Disagree
543,673dda5287206444a26549cb,2025-05-07T23:05:54Z,2025-05-07T23:09:39Z,A5,Help,ST,3,AGA,No,Agree
544,671d2da02389ecce30564698,2025-05-07T23:06:02Z,2025-05-07T23:08:59Z,A5,Help,ST,-1,AGB,No,Disagree
545,60fd55f559e7795b518f7438,2025-05-07T23:07:27Z,2025-05-07T23:16:33Z,A5,Help,ST,1,AGA,No,Agree
546,63d6873b65a6170d64a652f6,2025-05-07T23:08:06Z,2025-05-07T23:09:39Z,A5,Help,ST,-3,AGR,No,Disagree
547,5d41fdd8ca81250001493117,2025-05-07T23:08:40Z,2025-05-07T23:10:56Z,A5,Help,ST,1,AGR,No,Agree
548,5c1c2c51e2d9150001b5737e,2025-05-07T23:13:51Z,2025-05-07T23:17:00Z,A5,Help,ST,1,AGR,No,Agree
549,67cb65e3e76f5440d744b7c9,2025-05-07T23:16:26Z,2025-05-07T23:20:18Z,A5,Help,ST,3,AGA,No,Agree
550,671974552520eaa83a7ce063,2025-05-07T23:16:52Z,2025-05-07T23:19:55Z,A5,Help,ST,3,AGR,No,Agree
551,67ec14baa2c9ff576a10e860,2025-05-07T23:16:57Z,2025-05-07T23:22:04Z,A5,Help,ST,3,-oth-,No,Agree
552,67f2c7bdc962fa9cd9ab0311,2025-05-07T23:20:02Z,2025-05-07T23:24:06Z,A5,Help,ST,2,AGR,Yes,Agree
553,559272f4fdf99b7e42e96932,2025-05-13T16:50:40Z,2025-05-13T16:54:07Z,A5,Help,ST,2,AGA,No,Agree
554,67a85137a6f2eda1f128b8c0,2025-05-13T16:51:32Z,2025-05-13T16:55:18Z,A5,Help,ST,-3,-oth-,No,Disagree
555,56c3cf0511e0940006d43f99,2025-05-13T16:52:33Z,2025-05-13T16:54:29Z,A5,Help,ST,3,-oth-,No,Agree
556,666b68ba62cb93ed734157c1,2025-05-13T16:52:42Z,2025-05-13T16:55:11Z,A5,Help,ST,2,AGA,No,Agree
557,66d8790772c9e0e4ee96259c,2025-05-13T16:54:15Z,2025-05-13T16:56:11Z,A5,Help,ST,3,AGA,No,Agree
558,67c1ca05922b398e5b520dbf,2025-05-13T16:54:55Z,2025-05-13T16:57:50Z,A5,Help,ST,0,AGB,No,Hesitate
559,670160e896ff65768997d75f,2025-05-13T16:55:21Z,2025-05-13T16:56:45Z,A5,Help,ST,-3,-oth-,No,Disagree
560,67d47007556388f637dab7ef,2025-05-13T16:55:34Z,2025-05-13T16:59:56Z,A5,Help,ST,-3,AGR,No,Disagree
561,6658c1cb3bd695ac90a04553,2025-05-13T16:56:05Z,2025-05-13T16:57:11Z,A5,Help,ST,3,AGA,No,Agree
562,67f5477d160206a29900de2e,2025-05-13T17:02:26Z,2025-05-13T17:06:04Z,A5,Help,ST,2,AGA,No,Agree
563,622a193e32f45a5c28d4875f,2025-05-13T17:03:00Z,2025-05-13T17:06:03Z,A5,Help,ST,3,AGA,No,Agree
564,63e584009bf1aa55a39e1d53,2025-05-13T17:03:04Z,2025-05-13T17:04:18Z,A5,Help,ST,2,AGA,No,Agree
565,66759eb2274a4f10deeba339,2025-05-13T17:03:07Z,2025-05-13T17:15:36Z,A5,Help,ST,1,AGR,No,Agree
566,63e7f2a754618d35c2b61ba5,2025-05-13T17:03:51Z,2025-05-13T17:05:51Z,A5,Help,ST,0,AGA,No,Hesitate
567,63469f35701f6b1eb1e76b1f,2025-05-13T17:04:55Z,2025-05-13T17:07:02Z,A5,Help,ST,3,AGA,No,Agree
568,6628078ec9f3353ac0da6f0b,2025-05-13T17:05:37Z,2025-05-13T17:08:36Z,A5,Help,ST,3,AGB,No,Agree
569,6772f1137e8b2c6b1790e0ae,2025-05-13T17:08:17Z,2025-05-13T17:10:04Z,A5,Help,ST,0,AGR,No,Hesitate
570,6751467d0ef4bb17c804e4c0,2025-05-13T17:11:24Z,2025-05-13T17:13:06Z,A5,Help,ST,-2,-oth-,No,Disagree
571,67ad400f3989d013fbbdc466,2025-05-13T17:16:01Z,2025-05-13T17:19:56Z,A5,Help,ST,-1,-oth-,No,Disagree
572,56e68157f6ed90000ba5855c,2025-05-13T17:16:11Z,2025-05-13T17:18:51Z,A5,Help,ST,1,AGA,No,Agree
573,63d7e5f60432d71a6670d0ba,2025-05-13T17:18:11Z,2025-05-13T17:19:42Z,A5,Help,ST,2,AGR,No,Agree
574,5ba94943d08ab20001c8437a,2025-05-13T17:18:11Z,2025-05-13T17:20:11Z,A5,Help,ST,3,AGA,No,Agree
575,59b5a275c05bb50001eb3c4b,2025-05-13T17:19:58Z,2025-05-13T17:21:22Z,A5,Help,ST,-3,AGB,No,Disagree
576,546e8bc6fdf99b2bc7ebd029,2025-05-13T17:21:51Z,2025-05-13T17:23:23Z,A5,Help,ST,2,AGA,No,Agree
577,67d904eb86974453d6e99638,2025-05-13T17:27:14Z,2025-05-13T17:30:39Z,A5,Help,ST,2,AGR,No,Agree
578,6654a8a5b80ff7608a7ad803,2025-05-13T17:27:16Z,2025-05-13T17:32:16Z,A5,Help,ST,-3,AGB,No,Disagree
579,6598290cf1ec7a1ece008b99,2025-05-13T17:27:45Z,2025-05-13T17:28:58Z,A5,Help,ST,3,AGA,No,Agree
580,62964d27c2b2866faa677493,2025-05-13T17:28:04Z,2025-05-13T17:31:29Z,A5,Help,ST,-1,-oth-,No,Disagree
581,5beb8419aec9ef0001e9d5fb,2025-05-13T17:28:17Z,2025-05-13T17:30:47Z,A5,Help,ST,3,AGA,No,Agree
582,63daf5a89c63648ec34664fb,2025-05-13T17:28:40Z,2025-05-13T17:31:36Z,A5,Help,ST,3,AGA,No,Agree
583,62c5fbbb796500bb5406d772,2025-05-13T17:29:42Z,2025-05-13T17:31:00Z,A5,Help,ST,0,AGR,No,Hesitate
584,65b40d86a6572ea6620e8c3d,2025-05-13T17:29:42Z,2025-05-13T17:32:45Z,A5,Help,ST,2,AGA,No,Agree
585,676e8422294dd6823d5f77e3,2025-05-13T17:31:33Z,2025-05-13T17:33:21Z,A5,Help,ST,1,AGA,No,Agree
586,6172bc314504e7aea7fff4b5,2025-05-13T17:35:00Z,2025-05-13T17:37:18Z,A5,Help,ST,3,-oth-,No,Agree
587,666c8f4f6e483617ffb20ef4,2025-05-13T17:35:28Z,2025-05-13T17:37:50Z,A5,Help,ST,1,AGR,No,Agree
588,5f2af36061a10a452cd8dc4e,2025-05-13T17:36:16Z,2025-05-13T17:38:11Z,A5,Help,ST,3,AGA,No,Agree
589,669d63b71212137a95644a45,2025-05-13T17:41:09Z,2025-05-13T17:42:42Z,A5,Help,ST,1,AGA,No,Agree
590,5c5cad3e4ee81200018eafe2,2025-05-13T17:41:41Z,2025-05-13T17:43:53Z,A5,Help,ST,2,AGA,No,Agree
591,67424c6b07d7d42c5ed0511d,2025-05-13T17:43:32Z,2025-05-13T17:45:58Z,A5,Help,ST,2,AGR,No,Agree
592,66231fc6e1ecba676935943a,2025-05-13T17:43:51Z,2025-05-13T17:45:52Z,A5,Help,ST,-3,-oth-,No,Disagree
593,629f2d6a8d790f69182e8b3e,2025-05-13T17:43:59Z,2025-05-13T17:45:36Z,A5,Help,ST,1,AGA,No,Agree
594,67d06c1323033febaa30637e,2025-05-13T17:44:24Z,2025-05-13T17:48:30Z,A5,Help,ST,2,AGA,No,Agree
595,67edb3dbc2b6765fa734761c,2025-05-13T17:45:28Z,2025-05-13T17:51:02Z,A5,Help,ST,3,AGA,No,Agree
596,5e909d6c5321c13abee11725,2025-05-13T17:45:53Z,2025-05-13T17:47:39Z,A5,Help,ST,2,AGR,No,Agree
597,5f07707fb5dc861477ffc395,2025-05-13T17:47:41Z,2025-05-13T17:48:58Z,A5,Help,ST,-1,AGB,No,Disagree
598,67df1a367afcdb449190ae16,2025-05-13T17:48:21Z,2025-05-13T17:50:53Z,A5,Help,ST,1,AGA,No,Agree
599,5d67b1be141a00001627f8bf,2025-05-13T17:53:57Z,2025-05-13T17:55:09Z,A5,Help,ST,2,AGR,No,Agree
600,67757553ccb7cd2a4385b679,2025-05-13T17:54:08Z,2025-05-13T17:56:20Z,A5,Help,ST,0,AGB,No,Hesitate
601,5e68a509d40a4914619d2171,2025-05-13T17:54:12Z,2025-05-13T17:59:38Z,A5,Help,ST,-3,AGB,No,Disagree
602,664504859e65eeed37cdd5ac,2025-05-13T17:56:10Z,2025-05-13T17:59:42Z,A5,Help,ST,-3,AGR,No,Disagree
